-- phpMyAdmin SQL Dump
-- version 4.8.0.1
-- https://www.phpmyadmin.net/
--
-- Servidor: 127.0.0.1
-- Tiempo de generación: 29-06-2022 a las 15:25:47
-- Versión del servidor: 10.1.32-MariaDB
-- Versión de PHP: 5.6.36

SET SQL_MODE = "NO_AUTO_VALUE_ON_ZERO";
SET AUTOCOMMIT = 0;
START TRANSACTION;
SET time_zone = "+00:00";


/*!40101 SET @OLD_CHARACTER_SET_CLIENT=@@CHARACTER_SET_CLIENT */;
/*!40101 SET @OLD_CHARACTER_SET_RESULTS=@@CHARACTER_SET_RESULTS */;
/*!40101 SET @OLD_COLLATION_CONNECTION=@@COLLATION_CONNECTION */;
/*!40101 SET NAMES utf8mb4 */;

--
-- Base de datos: `contrareferencia`
--

-- --------------------------------------------------------

--
-- Estructura de tabla para la tabla `acompanante`
--

CREATE TABLE `acompanante` (
  `id_acomp` int(11) NOT NULL,
  `descrip_acomp` varchar(55) CHARACTER SET utf8 NOT NULL
) ENGINE=InnoDB DEFAULT CHARSET=latin1;

--
-- Volcado de datos para la tabla `acompanante`
--

INSERT INTO `acompanante` (`id_acomp`, `descrip_acomp`) VALUES
(1, 'Medico'),
(2, 'Interno'),
(3, 'Familiar'),
(4, 'Otro');

-- --------------------------------------------------------

--
-- Estructura de tabla para la tabla `condicion_paciente`
--

CREATE TABLE `condicion_paciente` (
  `id_condicion` int(11) NOT NULL,
  `descrip_cond` varchar(55) NOT NULL
) ENGINE=InnoDB DEFAULT CHARSET=latin1;

--
-- Volcado de datos para la tabla `condicion_paciente`
--

INSERT INTO `condicion_paciente` (`id_condicion`, `descrip_cond`) VALUES
(1, 'Estable'),
(2, 'Mal Estado'),
(3, 'Fallecido');

-- --------------------------------------------------------

--
-- Estructura de tabla para la tabla `contraref`
--

CREATE TABLE `contraref` (
  `id_contraref` int(55) NOT NULL,
  `fecha_registro` date NOT NULL,
  `establecimiento_salud` varchar(55) NOT NULL,
  `paciente` varchar(55) NOT NULL,
  `domicilio` varchar(55) NOT NULL,
  `peso` decimal(10,2) NOT NULL,
  `edad` int(11) NOT NULL,
  `sexo` int(11) NOT NULL,
  `dias_internacion` int(11) NOT NULL,
  `diagnostico_ingr1` varchar(255) NOT NULL,
  `diagnostico_ingr2` varchar(255) NOT NULL,
  `diagnostico_ingr3` varchar(255) NOT NULL,
  `diagnostico_ingr4` varchar(255) NOT NULL,
  `diagnostico_egr1` varchar(255) NOT NULL,
  `diagnostico_egr2` varchar(255) NOT NULL,
  `diagnostico_egr3` varchar(255) NOT NULL,
  `diagnostico_egr4` varchar(255) NOT NULL,
  `tratamiento_rea` varchar(255) NOT NULL,
  `recomendaciones_pac` varchar(255) NOT NULL,
  `id_condicion` int(11) NOT NULL,
  `id_tipo_servicio` int(11) NOT NULL,
  `id_acomp` int(11) NOT NULL
) ENGINE=InnoDB DEFAULT CHARSET=utf8;

--
-- Volcado de datos para la tabla `contraref`
--

INSERT INTO `contraref` (`id_contraref`, `fecha_registro`, `establecimiento_salud`, `paciente`, `domicilio`, `peso`, `edad`, `sexo`, `dias_internacion`, `diagnostico_ingr1`, `diagnostico_ingr2`, `diagnostico_ingr3`, `diagnostico_ingr4`, `diagnostico_egr1`, `diagnostico_egr2`, `diagnostico_egr3`, `diagnostico_egr4`, `tratamiento_rea`, `recomendaciones_pac`, `id_condicion`, `id_tipo_servicio`, `id_acomp`) VALUES
(1, '2018-02-21', 'GUADALUPE', 'DOMINGUEZ CARTAGENA   ELENA ', 'AV . VILLAZON   KM8 ', '61.00', 61, 2, 0, 'DIABETIS  MELLITUS   TIPO2 ', 'HIPERTRIGLICERIDEMIA  ', 'OBESIDAD TIPO I', '', '-----', '----------', '---------', '-------------', 'DIETA  HIPOCALORICA   RICA EN FIBRA \r\nEVITAR   CARNES  ROJAS   Y DERIVADOS    DEL  AZUCAR \r\nMETFORMINA   850  MG   1/2  X2  \r\nCONTROL   DE GLICEMIA EN AYUNAS       DENTRO DE 3  MESES \r\n', 'MANTENER  DIETA   ESTRICTA \r\nREALIZAR   EJERCICIOS    CAMINATAS  DIARIAMENTE \r\nEVITAR  FACTORES  ESTRESANTES ', 1, 1, 3),
(2, '2019-02-27', 'HOSP. MATERNOLOGICO GERMAN URQ', 'rojas Alex', 'calle nn', '80.00', 37, 1, 2, 'dx1', '', '', '', 'dx2', '', '', '', 'nn', 'nn', 1, 1, 1),
(3, '2019-02-27', 'POLITECNICO MILITAR', 'carlos p?z', 'apurimax', '60.00', 50, 1, 1, 'diabetes', '', '', '', 'diabetes', '', '', '', 'estable', 'control', 1, 1, 2),
(4, '2019-02-27', 'POLITECNICO MILITAR', 'carlos p?z', 'apurimax', '60.00', 50, 1, 1, 'diabetes', '', '', '', 'diabetes', '', '', '', 'estable', 'control', 1, 1, 2),
(5, '2019-02-28', 'v', 'QUIROZ AGUILAR ALBERTO', 'VILLA GRANADO. ZONA VILLA VICENCIO', '80.00', 81, 1, 0, 'HEPATOPATIA CRONICA COMPENSADA', 'DM 2', 'HTA ', '', 'HEPATOPATIA CRONICA COMPENSADA', 'HTA', 'DM 2', '', 'ESPIRONOLACTONA 100 MG CADA DIA\r\nLOSARTAN 50MG CADA DIA\r\nCN PLUS 2 MEDIDAS DIA\r\nVASELAGAR 10CC CADA NOCHE', 'CONTROL CADA 3 MESES POR ESTA ESPECIALIDAD O A CRITERIO DE MEDICO ', 1, 1, 4),
(6, '2019-03-13', 'HOSP. SACABA MEXICO', 'Carmen Julia Espinoza', 'Villa Obrajes S/N', '59.00', 60, 2, 1, 'LUMBALGIA TRAUMATICA ', 'ITU EN ESTUDIO', 'DM TIPO 2', '', 'ERC EN ESTUDIO', 'DM TIPO 2', '', '', 'Ninguno', 'Acudir a Consulta medica para control y seguimiento por las especialidades de Nefrologia, Neurocirugia, Endocrinologia.', 1, 1, 4),
(7, '2019-03-15', 'SAN PEDRO DE B.V.', 'Claudina Pe?arrieta Campero', 'Mariscal Santa Cruz N 103 Valle Hermoso', '98.00', 61, 2, 1, 'CA DE ENDOMETRIO', '', '', '', 'CA DE ENDOMETRIO CONTROL', 'HIPOTIROIDISMO', 'HEPATOPATIA', '', 'Ninguno', 'Requiere papeleta de referencia para Endocrinologia para control y seguimiento.', 1, 1, 4),
(8, '2019-03-18', 'HOSP. SACABA MEXICO', 'medenz sandoval francisca', 'sindica san miguel villa tunari', '67.00', 51, 2, 0, 'carcinoma basocelular 1ro de piramide nasal', '', '', '', 'carcinoma basocelular 1ro de piramide nasal', '', '', '', 'Paciente acude con biopsia que reporta carcinoma basocelualr, margen comprometidos, paciente debe tener ampliaci?n de m?rgenes.', 'evaluaci?n por Cirug?a Oncologica para ampliaci?n de Margenes, seg?n resultado de ampliaci?n de m?rgenes se evaluara tratamientos posteriores\r\nevaluaci?n por Dermatolog?a para mapeo dermico ', 1, 1, 4),
(12, '2019-03-20', 'BEATO SALOMON', 'JUAN ORTIZ FORONDA', 'ZN VINTO ', '100.00', 75, 1, 0, 'ERITROCITOSIS SECUNDARIA', '', '', '', 'ERITROCITOSIS SECUNDARIA CONTROLADA', '', '', '', 'ATROVASTATINA', 'DIETA', 1, 1, 4),
(13, '2019-03-25', 'v', 'JOSE LUIS YUPANQUI TORRICO', 'SITUACION DE CALLE', '70.00', 50, 1, 5, 'CRISIS CONVULSIVA', '', '', '', 'PARKINSON ', '', '', '', 'PACIENTE REFERIDO DE HOSPITAL COCHABAMBA, TRAIDO POR BOMBEROS A HOSPITAL VIEDMA, CON DIAGNOSTICO DE CRISIS CONVULSIVA.\r\nSE EVIDENCIO ABANDONO DE TRATAMIENTO PARKINSON HACE 16 A?OS, VALORADO POR NEUROLOGIA SE INDICA MANEJO AMBULATORIO Y REINICIO DE SU ESQU', 'MANTENER TRATAMIENTO', 1, 3, 4),
(14, '2019-03-25', 'v', 'JOSE LUIS YUPANQUI TORRICO', 'SITUACION DE CALLE', '70.00', 50, 1, 5, 'CRISIS CONVULSIVA', '', '', '', 'PARKINSON ', '', '', '', 'PACIENTE REFERIDO DE HOSPITAL COCHABAMBA, TRAIDO POR BOMBEROS A HOSPITAL VIEDMA, CON DIAGNOSTICO DE CRISIS CONVULSIVA.\r\nSE EVIDENCIO ABANDONO DE TRATAMIENTO PARKINSON HACE 16 A?OS, VALORADO POR NEUROLOGIA SE INDICA MANEJO AMBULATORIO Y REINICIO DE SU ESQU', 'MANTENER TRATAMIENTO', 1, 3, 4),
(15, '2019-03-26', 'v', 'COLQUE QUINTELA EMILIANA', 'BUENA VISTA S/N', '48.00', 36, 2, 0, 'TOS', '', '', '', 'ASMA PERSISTENTE MODERADO', 'VAGINITIS', 'ITU NO COMOPLICADA', '', 'ASMACORT 2 PUFF CADA 12 HORAS\r\nMETROGYN N POR 10 DIAS\r\nPENTRAX AC 875 bid POR  5 DIAS', 'MANTENER TRATAMIENTO AEROSOL Y CONTROL CADA 3 MESES', 1, 1, 4),
(18, '2019-03-27', 'OMEREQUE', 'PANOZO GARY', 'SN', '51.00', 19, 1, 0, 'PITIRIASIS', '', '', '', 'PITIRIASIS', '', '', '', 'ITRACONAZOL 100 MG\r\nMICONAZOL TOPICO', 'HIGIENICO DIETETICAS', 1, 1, 3),
(19, '2019-03-29', 'v', 'JUAN CARLOS ESCALERA MORALES', 'CENTRAL TAQUI?A CALLE SUMAJ SONKO', '60.00', 40, 1, 9, 'SECCION MEDULAR T12', 'PARAPLEJIA', 'PARESIA GASTROINTESTINAL', '', 'PARAPLEJIA', 'SECCION MEDULAR', 'FIJACION TRANSPEDICULAR', '', 'FIJACI?N TRANSPEDICULAR', 'EVALUACION GASTROENTEROLOGICA\r\nEVALUACION UROLOGIA', 1, 1, 3),
(20, '2019-03-29', 'C.S. CNS. AIQUILE', 'Gabriel Soria Apaza', 'Aiquile', '70.00', 33, 1, 0, 'Paraplejico', 'Portador de Cistostomia', 'Bacteriuria asintom?tica', '', 'Paraplejico', 'Portador de Cistostomia', '', '', 'Evaluaci?n de la funci?n renal y tracto urinario', 'Cistostomia a permanencia.\r\nRecambio cada 2 semanas en Aiquile\r\nEducaci?n higieno-diet?tica\r\nConsiderar la bacteriuria asintom?tica en este tipo de pacientes.\r\n', 1, 1, 4),
(21, '2019-04-01', 'LLAVE MAYU', 'Lopez Encinas Maria Cleofe', 'Kilometro 10 Av. Petrolera', '59.00', 88, 2, 0, 'Colelitiasis cronica', 'Diabetes Mellitus tipo 2 compensado', '', '', 'Colelitiasis cronica', '', '', '', 'Valoraci?n y conducta por la especialidad de cirug?a general', 'Insulina NPH 8 UI s/c d?a antes del desayuno', 1, 1, 3),
(22, '2019-04-01', 'LLAVE MAYU', 'Lopez Encinas Maria Cleofe', 'Kilometro 10 Av. Petrolera', '59.00', 88, 2, 0, 'Colelitiasis cronica', 'Diabetes Mellitus tipo 2 compensado', '', '', 'Colelitiasis cronica', '', '', '', 'Valoraci?n y conducta por la especialidad de cirug?a general', 'Insulina NPH 8 UI s/c d?a antes del desayuno', 1, 1, 3),
(23, '2019-04-17', 'HOSP. MATERNOLOGICO GERMAN URQ', 'TEOFILA GONZALES LEON', 'ALTO LINARES- ENTRE RIOS', '50.00', 48, 2, 0, 'OSTECONDRITIS D 12', 'CERVICITIS EN ESTUDIO', '', '', 'OSTECONDRITIS D 12', 'CERVICITIS EN ESTUDIO', '', '', 'DEXAMETASONA 8 MG IM STAT\r\nMELOXICAM + B 12 CADA SEMANA POR 2 SEMANAS\r\nVALORACION POR GINECOLOGIA\r\n', 'ACUDIR A GINECOLOGO PARA VALORACION', 1, 1, 3),
(24, '2019-04-18', 'C.S. SALOMÓN KLEIN', 'KAREN HIDALGO', 'SN', '85.00', 25, 2, 0, 'URTICARIA AGUDA', '', '', '', 'URTICARIA', '', '', '', 'LEVOCETIRIZINA \r\nCLOBETASOL TOPICO', 'REGIEMEN DIETETICO\r\nCUIDADOS DE PIEL\r\n', 1, 1, 4),
(25, '2019-04-22', 'HOSP. MATERNOLOGICO GERMAN URQ', 'JOSEFINA GARCIA MARISCAL ', 'QUILLACOLLO ZONA SUD', '75.00', 45, 2, 0, 'ECTASIA DUCTAL BILATERAL', '', '', '', 'ECTASIA DUCTAL BILATERAL', '', '', '', 'NINGUNO', 'SE REALIZO CITOLOGIA DE SECRECION DE PEZON, EN DONDE NO SE OBSERVA MATERIAL PROTEINACEO ACELULAR, NO OBSERVANDOSE CELULAS ATIPICAS. REALIZARA CONTROL ONCOLOGICO ANUAL ECOGRAFIA Y MAMOGRAFIA BI RADS 2, SOLICITAMIOS EVALUACION POR GINECOLOGIA PARA EVALUACIO', 1, 1, 3),
(26, '2019-04-22', 'SOLOMON KLEIN', 'Ronald Valdez Callao', 'Villa Animas', '75.00', 19, 1, 1, 'TEC leve', '', '', '', 'Sindrome Vertiginoso Post-Traumatico en tratamiento', '', '', '', 'Fluxus 10 mg Comp, Tomar 1 comp cada noche por 15 dias', 'Volver a consulta si existe aumento de dolor de cabeza ', 1, 1, 3),
(27, '2019-04-23', 'MALLCO RANCHO', 'Felix Quiroz Medrano', 'Viloma Cala Cala', '57.00', 70, 1, 0, 'Crecimiento de próstata', 'Portador de sonda crónica', '', '', 'mismos', '', '', '', 'Paciente en protocolo de estudios para cirugía de próstata. Por lo pronto, paciente necesita recambios de sonda transuretral cada 2 semanas.\r\n', 'Cuidados e higiene de sonda urinaria.\r\nRealizar estudios solicitados lo más pronto posible para completar evaluación prequirúrgica.\r\nEducación de signos de alarma.\r\n', 1, 1, 3),
(28, '2019-04-24', 'HOSP. MATERNOLOGICO GERMAN URQ', 'JHON MIJAEL ALEGRE MAMANI', 'IRONCOLLO-QUILLACOLLO', '9.00', 9, 1, 0, 'HEMOFILIA TIPO B SEVERA', '', '', '', 'HEMOFILIA TIPO B SEVERA', '', '', '', 'NINGUNO', 'TRASFUNDIR 135 CC DE PFC EN 3 HORAS Y DESPUÉS DE HABER TERMINADO LA TRANSFUSIÓN A LA HORA, REALIZAR LABORATORIOS TP, APTT.\r\nCONTROL POR CONSULTA EXTERNA DE HEMATÓLOGIA EN 10 DIAS CON RESULTADO DE LABORATORIO ', 1, 1, 3),
(29, '2019-04-24', 'PENAL SAN SEBASTIAN VARONES', 'Mario Choque Taquichiri', 'Penitenciaria San Sebastia', '65.00', 43, 1, 5, 'Cistolito', '', '', '', 'Post operado de Cistolitotomía abierta', '', '', '', 'Cirugía mencionada 23/04/19.', '- Nitrofurantoína 100 mg c12h por 7 días\r\n- Ibuprofeno 400 mg c8h por 3 días\r\n- Cuidados e higiene de sonda urinaria (NO RETIRAR)\r\n- Control en C.E. Urología 30 de abril 2019 en turno vespertino \r\n- ', 1, 1, 4),
(30, '2019-04-24', 'PENAL SAN SEBASTIAN VARONES', 'Mario Choque Taquichiri', 'Penitenciaria San Sebastia', '65.00', 43, 1, 5, 'Cistolito', '', '', '', 'Post operado de Cistolitotomía abierta', '', '', '', 'Cirugía mencionada 23/04/19.', '- Nitrofurantoína 100 mg c12h por 7 días\r\n\r\n- Ibuprofeno 400 mg c8h por 3 días\r\n\r\n- Cuidados e higiene de sonda urinaria (NO RETIRAR)\r\n\r\n- Control en C.E. Urología 30 de abril 2019 en turno vespertino \r\n\r\n', 1, 1, 4),
(31, '2019-04-24', 'PENAL SAN SEBASTIAN VARONES', 'Mario Choque Taquichiri', 'Penitenciaria San Sebastia', '65.00', 43, 1, 5, 'Cistolito', '', '', '', 'Post operado de Cistolitotomía abierta', '', '', '', 'Cirugía mencionada 23/04/19.', '- Nitrofurantoína 100 mg c12h por 7 días - Ibuprofeno 400 mg c8h por 3 días - Cuidados e higiene de sonda urinaria (NO RETIRAR) - Control en C.E. Urología 30 de abril 2019 en turno vespertino \r\n\r\n', 1, 1, 4),
(32, '2019-04-25', 'ENTRE RIOS', 'RONAL GUZMAN XOLA', 'ENTRE RIOS', '61.00', 27, 1, 0, 'ANEMIA FERROPENICA', '', '', '', 'ANEMIA FERROPENICA SEVERA', '', '', '', '1- TRANFUSION DE CONCENTRADO DE GLÓBULO ROJOS 2 A 3 UNIDADES ( A REALIZARSE EN HOSPITAL DE ENTRE RÍOS\r\n2 - SULFATO FERROSO 1 TABLETA 3 VECES AL DÍA POR 3 MESES.\r\n3 - DIETA CON CARNE DE RES, POROTOS, LENTEJAS.\r\n ', 'REALIZAR COPROPARASITOLOGICO Y TRATAR SEGÚN RESULTADOS.\r\nCONTROLES MENSUALES DE HEMOGRAMA Y SEGUIMIENTO DE TRATAMIENTO REFERIDO. ', 1, 1, 3),
(33, '2019-04-26', 'INST GASTROENTEROLOGICO', 'ELENA ROSSO BARRIOS', 'QUILLACOLLO', '82.00', 58, 2, 0, 'HEMORRAGIA DISGESTIVA ALTA', '', '', '', 'HEMORRAGIA DIGESTIVA ALTA', 'ANEMIA HIPOCROMIA, MICROCITICA', '', '', 'NINGUNO', 'VALORACION POR GASTROENTEROLOGIA', 1, 1, 2),
(34, '2019-04-26', 'INST GASTROENTEROLOGICO', 'ELENA ROSSO BARRIOS', 'QUILLACOLLO', '82.00', 58, 2, 0, 'HEMORRAGIA DISGESTIVA ALTA', '', '', '', 'HEMORRAGIA DIGESTIVA ALTA', 'ANEMIA HIPOCROMIA, MICROCITICA', '', '', 'NINGUNO', 'VALORACION POR GASTROENTEROLOGIA', 1, 1, 2),
(35, '2019-04-26', 'INST GASTROENTEROLOGICO', 'ELENA ROSSO BARRIOS', 'QUILLACOLLO', '82.00', 58, 2, 0, 'HEMORRAGIA DISGESTIVA ALTA', '', '', '', 'HEMORRAGIA DIGESTIVA ALTA', 'ANEMIA HIPOCROMIA, MICROCITICA', '', '', 'NINGUNO', 'VALORACION POR GASTROENTEROLOGIA', 1, 1, 2),
(36, '2019-04-29', 'INST GASTROENTEROLOGICO', 'EVANGELINA EVAJE MAMANI', 'SACABA', '57.00', 66, 2, 0, 'LITIASIS RENAL IZQUIERDA', 'diabetes mellitus tipo 2', '', '', 'gastritis cronica', 'DIABETES MELLITUS TIPO 2', 'portaddora de cateter doble J izuqierdo', '', 'nefropielolitotomia izquierda + colocación de catéter doble J izquierdo', 'control en gastroenterología \r\ncontinuar con urología hasta el retiro de catéter doble J', 1, 1, 3),
(37, '2019-04-30', 'INST GASTROENTEROLOGICO', 'TEODOSIO CHOQUE CHUJRA', 'SACABA', '65.00', 77, 1, 0, 'CRECIMIENTO PROSTATICO', 'LUMBALGIA', '', '', 'CRECIMIENTO PROSTATICO', 'ICTERICIA EN ESTUDIO', '', '', 'NINGUNO', 'SE INDICA QUE REALICE VALORACION POR GASTROENTEROLOGIA', 1, 1, 4),
(38, '2019-04-30', 'INST GASTROENTEROLOGICO', 'TEODOSIO CHOQUE CHUJRA', 'SACABA', '65.00', 77, 1, 0, 'CRECIMIENTO PROSTATICO', '', '', '', 'CRECIMIENTO PROSTATICO', 'ICTERICIA EN ESTUDIO', '', '', 'NINGUNO', 'SE INDICA QUE REALICE VALORACION POR GASTROENTEROLOGIA, POR PRESENCIA DE UROBILINA EN  EXAMEN GENERAL DE ORINA Y BILIRRUBINA TOTAL DE 1.5 A EXPENSAS DE LA INDIRECTA', 1, 1, 4),
(39, '2019-05-02', 'HOSP. COMBASE (9 DE ABRIL )', 'prueba', 'prueba', '11.00', 11, 2, 11, 'prueba', 'prueba', 'prueba', 'prueba', 'prueba', 'prueba', 'prueba', 'prueba', 'prueba', 'prueba', 1, 2, 2),
(40, '2019-05-10', 'HOSP. QUILLACOLLO', 'Maximiliano Vela Guzman', 'El Paso', '0.00', 71, 1, 0, 'HIperplasia  Prostatica', 'Tuberculosis 2da fase', '', '', 'Crecimiento Prostatico', 'TBC PULMONAR', '', '', 'Ninguno', 'Paciente en preparación pre operatoria motivo por el cual se solicitaron laboratorios y estudios complementarios, por el momento paciente debe realizar sus cambios de sonda cada 3 semanas.\r\nSe orienta en cuidados y manejo de sonda foley.', 1, 1, 3),
(41, '2019-05-15', 'SOLOMON KLEIN', 'Luis Escobar Camacho', 'Pacata baja ', '70.00', 84, 1, 0, 'Crecimiento de próstata / Portador de Sonda Urinaria / ERC', 'Fibrilación auricular', 'DM tipo II', 'HTA y TVP ', 'idem', '', '', '', 'Paciente en protocolo quirúrgico para cistostomía ', 'Continuar con especialidades de nefrología, hematología y cardiología\r\nCumplir estudios solicitados de protocolo quirúrgico\r\nAcudir a consulta de urología con valoración preoperatoria de cardiología\r\nCuidados e higiene de sonda urinaria \r\nEducación de sig', 1, 1, 3),
(43, '2019-05-17', 'HOSP. MATERNOLOGICO GERMAN URQ', 'Margarita Copa Romero', 'Cañadas Zona Sur', '58.00', 36, 2, 1, 'Hipertiroidismo. Bocio nodular', 'Miomatosis Uterina', '', '', 'Hipertiroidismo en tratamiento', 'Miomatosis uterina', '', '', 'jhgj', 'jghj', 1, 1, 1),
(44, '2019-05-17', 'ALALAY', 'Margarita Copa Romero', 'Cañadas Zona Sur', '52.00', 25, 2, 2, 'Hipertiroidismo. Bocio nodular', 'Miomatosis Uterina', '', '', 'Hipertiroidismo en tratamiento', 'Miomatosis uterina', '', '', 'insulina', 'mmmmmmm', 1, 1, 2),
(45, '2019-05-24', 'SIPE SIPE (SENOR DE LOS MILAGROS)', 'CARLOTA FERNANDEZ RIOS', 'ZONA SIPE SIPE', '40.00', 84, 2, 0, 'ANEMIA FERROPENICA ', '', '', '', 'ANEMIA FERROPENICA EN RESOLUCION', '', '', '', 'SULFATO FERROSO', 'PACIENTE DEBE CONTINUAR CONTROL MEDICO LABORATORIAL POR 3 MESES A CARGO DE MEDICO INTERNISTA', 1, 1, 4),
(46, '2019-05-27', 'ALALAY', 'Perico', 'mmmmmmm', '3.00', 9, 1, 0, 'xxxxxx', 'ccccc', '', '', 'vvvv', '', '', '', 'mmmmm', 'mmmmm', 1, 1, 4),
(47, '2019-05-30', 'HOSPITAL DEL SUD', 'vitaliano acuña cespedez', 'Valle hermoso', '48.00', 74, 1, 0, 'crecimiento prostatico', '', '', '', 'crecimiento prostatico', '', '', '', 'paciente en protocolo quirúrgico para reseccion de próstata, mientras paciente se encuentra en preparación deberá realizar cambios de sonda foley en Hospital del Sud', 'realizar cambios de sonda Foley en hospital del Sud', 1, 1, 3),
(48, '2019-05-30', 'HOSPITAL DEL SUD', 'vitaliano acuña cespedez', 'Valle hermoso', '48.00', 74, 1, 0, 'crecimiento prostatico', '', '', '', 'crecimiento prostatico', '', '', '', 'paciente en preparacion prequirurgica para RTUP, mientras dure la preparacion de paciente,  debera realizar sus cambios de sonda foley cada 21 dias en Hospital del Sud', 'cambio de sonda foley cada 21 dias en Hospital del Sud', 1, 1, 3),
(49, '2019-05-30', 'HOSPITAL DEL SUD', 'vitaliano acuña cespedez', 'Valle hermoso', '48.00', 74, 1, 0, 'crecimiento prostatico', '', '', '', 'crecimiento prostatico', '', '', '', 'paciente en preparacion prequirurgica, cambios de sonda en Hospital del Sud cada 14 dias', 'cambios de sonda en hospital del SUd', 1, 1, 3),
(50, '2019-05-30', 'HOSP. TIQUIPAYA', 'juan carlos escalera morales', '2 da circunvalacion ', '60.00', 40, 1, 0, 'vejiga neurogenica, ', 'paraplejia', '', '', 'vejiga neurogenica', 'paraplejia', '', '', 'en preparacion preparacion prequirurgica para cistostomia, cambios de sonda foley en centro de salud cada14 dias ', 'cambio de sonda foley en su centro de salud cada 21 dias', 1, 1, 3),
(51, '2019-05-31', 'HOSPITAL DEL SUD', 'ELIZABETH SOTO MAMANI ', 'SONA SUD ', '52.00', 25, 2, 0, '                    ANEMIA HEMOLITICA Y EMBARAZADO DE 16 SEMANAS', '', '', '', '                        ANEMIA HEMOLITICA ', '                        EMBARAZO DE  APROXIMADAMENTE 16 SEMANAS ', '', '', '                                        CORTICOIDE 20 MG VO CADA 8 HORAS \r\n                                        ACIDO FOLICO 5MG VO CADA DIA ', '                                        ECOGRAFIA ABDOMINAL MAL VALORACIÓN HEPATOESPLENICA ', 1, 1, 4),
(52, '2019-06-04', 'HOSP. CLINICA LA PAZ', 'FRANCISCA ROJAS GONZALES ', 'KM 9 AVENIDA PETROLERA ', '60.00', 38, 2, 0, 'cancer de cuello uterino estadio clinico IV A (vejiga ) ', '', '', '', 'cancer de cuello uterino EC IV A (vejiga) ', '', '', '', 'ESTUDIOS DE EXTENSION, 2 CICLOS DE QUIMIOTERAPIA SISTEMICA ', 'se requiere interconsulta con RADIOTERAPIA ', 1, 1, 3),
(53, '2019-06-04', 'HOSP. CLINICA LA PAZ', 'FRANCISCA ROJAS GONZALES ', 'KM 9 AVENIDA PETROLERA ', '60.00', 38, 2, 0, 'cancer de cuello uterino estadio clinico IV A ', '', '', '', 'cancer de cuello uterino EC IV A ', '', '', '', 'ESTUDIOS DE EXTENSION \r\nQUIMIOTERAPIA SISTEMICA 2 CICLOS ', 'SE SOLICITA VALORACION E INTERCONSULTA CON RADIOTERAPIA ', 1, 1, 3),
(55, '2019-06-14', '11 DE MARZO', 'Maria Cristina Gonzales Huarachi', '6 de agosto y pacheco4', '57.00', 51, 2, 3, 'Diabetes Mellitus tipo 2', '', '', '', 'diabtes mellitus tipo 2', '', '', '', 'skdjoñ  oiehgo', 'wegh9  qwpe9ug´weo ', 1, 1, 4),
(56, '2019-07-01', 'INST. ONCOLOGICO NACIONAL (CBB)', 'DORA SALAZAR TORRICO ', 'BLANCO GALINDO KM 5', '75.00', 68, 2, 0, 'CANCER DE MAMA IZQUIERDO TIPO INFLAMATORIO EC IV ( MAMA CONTRALATERAL ) TRIPLE NEGATIVO ', 'METASTASIS PULMONAR ', 'PROGRESION DE ENFERMEDAD ', '', '\"\"\"CANCER DE MAMA IZQUIERDO TIPO INFLAMATORIO EC IV  TRIPLE NEGATIVO (MAMA CONTRALATERAL) METASTASICO PULMONAR PLEURA + QT TAXOL SEMANAL + CARBOPLATINO C/21 DIAS, LINFEDEMA MMSI G3.A DC PROGRESION LOCAL DE ENFERMEDAD						    						    	 												    	', '', '', '', 'PACIENTE PORTA INFORME MEDICO ACTUALIZADO. ', 'PACIENTE DEBE REALIZAR RADIOTERAPIA, MOTIVO POR EL CUAL SE ENVÍA A PROGRAMA DEL MINISTERIO DE SALUD DE RADIOTERAPIA EN LA CIUDAD DE LA PAZ, MISMO QUE LA PACIENTE RECHAZA YA QUE NO CUENTA CON FAMILIARES EN DICHA CIUDAD, DECIDE ACUDIR A SANTACRUZ DONDE TIEN', 1, 1, 3),
(57, '2019-07-01', 'INST. ONCOLOGICO NACIONAL (CBB)', 'DORA SALAZAR TORRICO ', 'BLANCO GALINDO KM 5', '75.00', 60, 2, 0, 'CANCER DE MAMA IZQUIERDO TIPO INFLAMATORIO EC IV ( MAMA CONTRALATERAL ) TRIPLE NEGATIVO ', 'METASTASIS PULMONAR ', 'PROGRESION DE ENFERMEDAD ', '', 'CANCER DE MAMA IZQUIERDO TIPO INFLAMATORIO EC IV ( MAMA CONTRALATERAL ) TRIPLE NEGATIVO ', '', '', '', 'PACIENTE CUENTA CON INFORME MEDICO ACTUALIZADO ', 'CAPECITABINA+ RADIOTERAPIA \r\nPACIENTE ACUDE A CIUDAD DE SANTACRUZ POR CONTAR CON FAMILIARES EN DICHA CIUDAD ', 1, 1, 3),
(58, '2019-07-03', 'HOSP. VIEDMA', 'Margarita Copa Romero', 'Av. Encañada', '59.00', 50, 2, 0, '', '', '', '', 'hipertiroidismo controlado', 'miomatosis uterina', '', '', 'Danantizol 20 mg cada 12 horas', 'Mantener tratamiento indicado,puede ser intervenida quirùrgicamente con riesgo habitual', 1, 1, 4),
(59, '2019-07-30', 'ALALAY', 'Gerardo Fernandez Apaza ', 'Alto cochabamba', '57.00', 73, 1, 0, 'Enfermedad renal crónica en hemodiálisis', 'Crecimiento de próstata', 'Portador de sonda transuretral ', 'Hipertensión arterial', 'idem', 'Anemia severa', '', '', 'cateterismo transuretral', 'Internación en Hospital Viedma para cirugía de próstata, se entrega orden de internación 30/07/19\r\nRecambio de sonda urinaria cada 2 semanas en hospital de segundo nivel hasta momento de su cirugía\r\nContinuar con Nefrología \r\nCita a Hematología', 1, 1, 3),
(60, '2019-08-20', 'LINDE', 'MARGARITA DELGADILLO ALVAREZ', 'LINDE NORTE TIQUIPAYA', '70.00', 66, 2, 0, 'FIBROSIS PULMONAR', '', '', '', 'FIBROSIS PULMONAR', '', '', '', 'N ACETIL CISTEINA\r\nAZITROMICINA\r\nOXIGENO PERMANENTE', 'DEBERA HACER CONTROLES PERIODICOS EN SU CENTRO.\r\nUSO CONTINUO DEL INHALADOR.', 1, 1, 4),
(61, '2019-08-29', 'C.S. SALOMÓN KLEIN', 'Daniel Nogales Soliz', 'Abra ', '65.00', 79, 1, 0, 'Crecimiento prostatico ', 'Insuficiencia cardíaca ', 'Miocardiopatia chagasica ', '', 'Crecimiento prostatico ', 'Insuficiencia cardíaca ', 'Miocardiopatia chagasica ', '', 'Cambio de sonda foley trans uretral  cada 21 días o cuando tenga algún problema con su sonda\r\nActualmente manejo por cardiologia y hematologia paciente esta anti coagulado ', 'Debe realizar cambios de sonda foley trans uretral  cada 21 días o cuando tenga algún problema con su sonda \r\nActualmente manejo por cardiologia y hematologia paciente esta anti coagulado ', 1, 1, 3),
(62, '2019-08-29', 'C.S. SALOMÓN KLEIN', 'Daniel Nogales Soliz', 'Abra ', '65.00', 79, 1, 0, 'Crecimiento prostatico ', 'Insuficiencia cardíaca ', 'Miocardiopatia chagasica ', '', 'Crecimiento prostatico ', 'Insuficiencia cardíaca ', 'Miocardiopatia chagasica ', '', 'Cambio de sonda foley trans uretral cada 14 días. ', 'Actualmente manejo por cardiologia y hematologia paciente esta anti coagulado ', 1, 1, 3),
(64, '2019-10-01', 'HOSP. SACABA MEXICO', 'RONALD ARIAS MAMANI', 'CIUDAD NUEVA', '70.00', 24, 1, 0, 'DISTROFIA UNGUEAL', '', '', '', 'DISTROFIA UNGUEAL', '', '', '', 'NINGUNO', 'CONTROL POR C. EXT', 1, 1, 4),
(65, '2019-10-02', 'HOSP. SACABA MEXICO', 'ALEJANDRO LOPEZ RODRIGUEZ', 'LOCOTAL', '51.00', 74, 1, 0, 'HPO', 'DMT2', 'PORTADOR DE SONDA TRANSURETRAL', '', 'HPO', 'DMT2', 'PORTADOR DE SONDA TRANSURETRAL', '', 'LABORATORIOS PREQUIRURGICOS\r\nVALORACION POR ENDOCRINOLOGIA', 'CAMBIO DE SONDA FOLEY CADA 15 DIAS ', 1, 1, 3),
(66, '2019-10-03', 'SENNFELD', 'Ana Rosario Vargas Jaldin ', 'Cale Riberalta y Guayaramerin (zona San Carlos)', '59.00', 52, 2, 0, 'HTA II ', 'Dislipidemia mixta', '', '', 'HTA II controlada', 'Dislipidemia mixta tratada', '', '', '1) Atorvastatina 10 mg/dia\r\n2) Losartan 50 mg cada 12 horas\r\n3) hidroclorotizida 25 mg/dìa', 'Dieta hipograsa \r\nCumplir tratamiento', 1, 1, 4),
(67, '2019-10-15', 'HOSP. QUILLACOLLO', 'Ruperto Roberto Zubieta Pardo ', 'Barrio Esmeral ', '60.00', 76, 1, 0, 'Portador de Cistostomia', 'Convalescencia Fractura de cadera derecha', 'Discapacitado Silla de Ruedas', '', 'Mismos', '', '', '', 'En fisioterapia por rehabilitación de fémur.\r\nEn protocolo preoperatorio para cirugía de próstata\r\n', 'Recambio de sonda urinaria de cistostomia cada 14 días en su hospital de segundo nivel.\r\nContinuar con fisioterapia.\r\nControl consulta externa por urología.\r\n', 1, 1, 3),
(68, '2019-10-18', 'C.S. SALOMÓN KLEIN', 'Eduardo Paredes Torrico ', 'Quintanilla - Sacaba', '90.00', 78, 1, 0, 'Probable CA de próstata T3 Nx Mx', 'Portador de Marcapaso cardiaco ', 'portador de sonda foley ', '', 'Probable CA de próstata T3 Nx Mx', 'Portador de Marcapaso cardíaco ', 'portador de sonda foley ', '', 'Preparación para biopsia de tras rectal próstata', '                                                                                                                         Portador de sonda foley cambios de sonda cada 15 días en segundo nivel \r\n                                                             ', 1, 1, 3),
(69, '2019-10-21', 'HOSP. TIQUIPAYA', 'Jose Condori Manteca ', 'Tiquipaya ', '70.00', 79, 1, 0, 'Hiperplasia prostatica obstructiva ', 'Portador de sonda transuretral ', '', '', 'Hiperplasia prostatica obstructiva ', 'Portador de sonda transuretral ', '', '', '                                                             Paciente en espera de espacio para internacion para cirugía de próstata  ', '                                             Paciente en espera de espacio para internacion para cirugía de próstata  \r\n                                             Insistir diariamente su internacion \r\n                                             Cambio ', 1, 1, 3),
(70, '2019-10-21', 'HOSP. TIQUIPAYA', 'Jose Condori Manteca ', 'Tiquipaya ', '70.00', 79, 1, 0, 'Hiperplasia prostatica obstructiva ', 'Portador de sonda transuretral ', '', '', 'Hiperplasia prostatica obstructiva ', 'Portador de sonda transuretral ', '', '', '                                         Paciente en espera de espacio para internacion para cirugía de próstata  ', '                                       Cambio de sonda foley en hospital cercano a sus domicilio (hospital Tiquipaya)   ', 1, 1, 3),
(71, '2019-10-23', 'HOSP. PUNATA (MANUEL A.VILLAR)', 'Simon Orellana Muñoz', 'Pocona', '75.00', 72, 1, 0, 'Hiperplasia prostatica obstructiva ', 'portador de cistostomia', '', '', 'Hiperplasia prostatica obstructiva ', 'portador de cistostomia ', '', '', '                                             En protocolo de diagnostico de probable Ca de próstata', '                                             Recambio de sonda de cistostomia en su hospital de segundo nivel.\r\n                                             Retornar por consulta externa de Urologia\r\n', 1, 1, 3),
(72, '2019-10-23', 'HOSP. PUNATA (MANUEL A.VILLAR)', 'Simon Orellana Muñoz', 'Pocona', '75.00', 72, 1, 0, 'Hiperplasia prostatica obstructiva ', 'portador de cistostomia', '', '', 'Hiperplasia prostatica obstructiva ', 'portador de cistostomia ', '', '', '                                             Paciente en protocolo de probable Ca de próstata. \r\n                                             ', '                                         Cambio de sonda de cistostomia en su hospital de segundo nivel cada 2 semanas\r\n                                          Retornar a consulta externa de urologia\r\n                                          ', 1, 1, 3),
(73, '2019-10-23', 'v', 'Simon Orellana Muñoz', 'Pocona', '75.00', 72, 1, 0, 'Probable Ca de próstata  ', 'portador de cistostomia', '', '', 'Probable Ca de próstata ', 'portador de cistostomia ', '', '', '                                                                                                           Paciente  protocolo de diagnostico de  probable Ca de próstata\r\n                                  ', '                                                                                                         Cambio de sonda de cistostomia en hospital de segundo nivel\r\n                                                                                         ', 1, 1, 3),
(74, '2019-10-25', 'INST GASTROENTEROLOGICO', 'Amada Karen Miranda Cardozo', 'quillacollo', '39.00', 21, 2, 30, 'estafilodermia', 'DRESS', 'FARMACODERMIA', '', 'DRESS', 'Insuf. hepatica aguda', '', '', 'pulsos de metilprednisolona', 'silvidan\r\nprednisona 30 mg\r\nranitidina', 1, 1, 3),
(75, '2019-11-13', 'CONDEBAMBA', 'Saturnino Garcia Parada', 'calle quewiña', '76.00', 53, 1, 0, 'Pie diabètico ', '', '', '', 'Pie diabètico Wagner I', 'DM2 controlado', '', '', 'Antibioticoterapia: Amoxi/clavulànico 875/125\r\nCultivo/ Atb', '1) Glimepiride 1 mg/dìa antes del desayuno\r\n2) Metformina 850 mg con la cena\r\n2) Curaciones planas interdiarias con soluciòn fisiològica y DG6', 1, 1, 4),
(76, '2019-11-28', 'HOSPITAL DEL SUD', 'Julio Barrera Mamani', 'Villa Israel ', '63.00', 68, 1, 0, 'Portador de Sonda transuretral', 'Hiperplasia de Próstata obstructiva', '', '', 'Mismos', '', '', '', 'Protocolo quirúrgico\r\nCuenta con orden de internación para cirugía de próstata', 'Recambio de sonda urinaria cada 14 días.', 1, 1, 3),
(77, '2019-12-16', 'HOSP. SACABA MEXICO', 'Rogelio Ledezma Bustamante ', 'Calle: Marcelo Quiroga esquina Peru ', '83.00', 67, 1, 0, 'Hiperplasia Prostatica Obstructiva ', 'Portador de sonda foley ', '', '', 'Hiperplasia Prostatica Obstructiva ', 'Portador de sonda foley', '', '', '                                              Paciente en preparación para cirugía de próstata, en espera de espacio quirúrgico ', '                                                               Se indica cambio de sonda foley en Hospital México ', 1, 1, 3),
(78, '2019-12-17', 'HOSPITAL DEL SUD', 'Juan Serrano Santos ', 'zona Sud ', '50.00', 79, 1, 0, 'Hiperplasia prostatica obstructiva ', 'Hidronefrosis bilateral ', 'Diabetes tipo 2 ', '', 'Hiperplasia prostatica obstructiva', 'Hidronefrosis bilateral ', 'Diabetes tipo 2 ', '', '                                                     Paciente en protocolo quirúrgico para cirugía de próstata', '                                                     Cambio de sonda foley en hospital del sud cada 15 días ', 1, 1, 3),
(79, '2019-12-26', 'HOSP. QUILLACOLLO', 'Guillermo Vallejos RAmos', 'Vinto', '88.00', 70, 1, 0, 'Portador de SFTU', 'Hiperplasia Próstata Obstructiva', '', '', 'ídem', '', '', '', '                                                                     Solicito estudios para protocolo quirúrgico de próstata', '                                                                                          Recambio de sonda transuretral cada 10 días.\r\n                                                                                           Retornar al H. Viedma con re', 1, 1, 3),
(80, '2019-12-30', 'SACABAMBA', 'Humerto Oviedo Ramos', 'Beijing', '52.00', 94, 1, 0, 'Portador de sonda transuretral ', 'Crecimiento de próstata', '', '', 'ídem', '', '', '', '                                 En espera de espacio quirúrgico para cirugía de próstata', '                                  Recambios de sonda urinaria cada 10 días.\r\n                                  Buscar cama insistentemente en H. Viedma', 1, 1, 3),
(81, '2019-12-30', 'SARCOBAMBA', 'EDUARDO SANCHES FLORES', 'FINAL VILLAVICENCIO', '60.00', 73, 1, 0, 'CRECIMIENTO PROSTATICO', 'HIDRONEFROSIS BILATERAL', 'IRA VS ERC', 'OSTEOSINTESIS DE FEMUR IZQ', 'ídem', '', '', '', 'PACIENTE SE ENCUENTRA EN PROTOCOLO QUIRÚRGICO ', 'REALIZAR CAMBIOS PERIODICOS DE SONDA CADA 14 DIAS', 1, 1, 3);

-- --------------------------------------------------------

--
-- Estructura de tabla para la tabla `contraref1`
--

CREATE TABLE `contraref1` (
  `fecha_registro` date NOT NULL,
  `establecimiento_salud` varchar(55) NOT NULL,
  `id_contraref1` int(11) NOT NULL,
  `paciente` varchar(55) NOT NULL,
  `domicilio` varchar(55) NOT NULL,
  `peso` decimal(10,2) NOT NULL,
  `edad` int(11) NOT NULL,
  `sexo` int(11) NOT NULL,
  `dias_internacion` int(11) NOT NULL,
  `diagnostico_ingr1` varchar(255) NOT NULL,
  `diagnostico_ingr2` varchar(255) NOT NULL,
  `diagnostico_ingr3` varchar(255) NOT NULL,
  `diagnostico_ingr4` varchar(255) NOT NULL,
  `diagnostico_egr1` varchar(255) NOT NULL,
  `diagnostico_egr2` varchar(255) NOT NULL,
  `diagnostico_egr3` varchar(255) NOT NULL,
  `diagnostico_egr4` varchar(255) NOT NULL,
  `tratamiento_rea` varchar(255) NOT NULL,
  `recomendaciones_pac` varchar(255) NOT NULL,
  `id_condicion` int(11) NOT NULL,
  `id_tipo_servicio` int(11) NOT NULL,
  `id_acomp` int(11) NOT NULL
) ENGINE=InnoDB DEFAULT CHARSET=latin1;

-- --------------------------------------------------------

--
-- Estructura de tabla para la tabla `establecimiento`
--

CREATE TABLE `establecimiento` (
  `codigo_establecimiento` varchar(55) NOT NULL,
  `nombre` varchar(155) NOT NULL,
  `municipio` varchar(155) NOT NULL
) ENGINE=InnoDB DEFAULT CHARSET=latin1;

--
-- Volcado de datos para la tabla `establecimiento`
--

INSERT INTO `establecimiento` (`codigo_establecimiento`, `nombre`, `municipio`) VALUES
('300001', 'HOSP. COMBASE (9 DE ABRIL )', 'COCHABAMBA                    '),
('300002', 'C. S. PRO MUJER ALALAY', 'COCHABAMBA                    '),
('300003', 'ALALAY', 'COCHABAMBA                    '),
('300004', 'C.S. SEÑOR DE EXALTACION', 'COCHABAMBA                    '),
('300005', 'ALTO COCHABAMBA', 'COCHABAMBA                    '),
('300006', 'HOSP. MATERNOLOGICO GERMAN URQ', 'COCHABAMBA                    '),
('300007', 'HOSP. PEDIATRICO', 'COCHABAMBA                    '),
('300008', 'C.S ANEXO 32 CNS', 'COCHABAMBA                    '),
('300009', 'POL. CRUZ MEDICA BISA SEGUROS', 'COCHABAMBA                    '),
('300010', 'POLITECNICO MILITAR', 'COCHABAMBA                    '),
('300011', 'HOSP. HARRY WILLIAMS', 'COCHABAMBA                    '),
('300012', 'CS. PDA NUEVA ESPERANZA', 'COCHABAMBA                    '),
('300013', 'C.S. AZIRUMARCA V . MUNDIAL', 'COCHABAMBA                    '),
('300014', 'HOSP. SAN VICENTE', 'COCHABAMBA                    '),
('300015', 'CLINICA \"SAN MIGUEL\"', 'COCHABAMBA                    '),
('300016', 'BEATO SALOMON', 'COCHABAMBA                    '),
('300017', 'C.S. MARIE STOPS', 'COCHABAMBA                    '),
('300018', 'C.S. POLICLINICO 32 CNS', 'COCHABAMBA                    '),
('300019', 'C.S. POLICLCAJA PETROLERA', 'COCHABAMBA                    '),
('300020', 'C.S. PROMEFA CLINICA ROSBEN', 'COCHABAMBA                    '),
('300021', 'C.S. SALOMÓN KLEIN', 'COCHABAMBA                    '),
('300022', 'C.S. POLICONST.COMBASE AROMA', 'COCHABAMBA                    '),
('300023', 'C.S BETHEL', 'COCHABAMBA                    '),
('300024', 'C.S. CAJA BANCARIA (PRIVADO)', 'COCHABAMBA                    '),
('300025', 'CLINICA DEL NIÑO CBBA', 'COCHABAMBA                    '),
('300026', 'CLINICA BOLIVIANA', 'COCHABAMBA                    '),
('300027', 'CLINICA VIRGEN DE GUADALUPE', 'COCHABAMBA                    '),
('300028', 'CERRO VERDE', 'COCHABAMBA                    '),
('300029', 'CHAVEZ RANCHO', 'COCHABAMBA                    '),
('300030', 'CHIMBA', 'COCHABAMBA                    '),
('300031', 'C.S. PROMUJER CHIMBA', 'COCHABAMBA                    '),
('300032', 'C.S. C.I.E.S. COCHABAMBA', 'COCHABAMBA                    '),
('300033', 'INST GASTROENTEROLOGICO', 'COCHABAMBA                    '),
('300034', 'INST PSIQUIATRICO S.J.DE DIOS', 'COCHABAMBA                    '),
('300035', 'HOSP. ALBINA PATIÑO', 'COCHABAMBA                    '),
('300036', 'HOSP. SEG.UNIV. SAN SIMON', 'COCHABAMBA                    '),
('300037', 'C.S. PARROQUIA CONDEBAMBA', 'COCHABAMBA                    '),
('300038', 'CONDEBAMBA', 'COCHABAMBA                    '),
('300039', 'C.S. VILLA CANDELARIA', 'COCHABAMBA                    '),
('300040', 'C.S. PROMUJER CONDEBAMBA', 'COCHABAMBA                    '),
('300041', 'C.S. VIRGEN DE GUADALUPE', 'COCHABAMBA                    '),
('300042', 'C.S. CAJA CORDES', 'COCHABAMBA                    '),
('300043', 'JAIHUAYCO', 'COCHABAMBA                    '),
('300044', 'POLICONSULTORIO KANATA', 'COCHABAMBA                    '),
('300045', 'CLINICA SANTA MONICA', 'COCHABAMBA                    '),
('300046', 'C.S. VERBO DIVINO', 'COCHABAMBA                    '),
('300047', 'LA MAICA', 'COCHABAMBA                    '),
('300048', 'LACMA', 'COCHABAMBA                    '),
('300049', 'C.S. PRO-MUJER(LACMA)', 'COCHABAMBA                    '),
('300050', 'HOSP. UNIVALLE', 'COCHABAMBA                    '),
('300051', 'C.S. LUZ DEL MUNDO', 'COCHABAMBA                    '),
('300052', 'C.S. COCHABAMBA', 'COCHABAMBA                    '),
('300053', 'HOSP. SIERVAS MARIA INMACULADA', 'COCHABAMBA                    '),
('300054', 'VILLA ISRAEL PUCARA', 'COCHABAMBA                    '),
('300055', 'C.S. M SAN MARCOS', 'COCHABAMBA                    '),
('300056', 'C.S. UNIDAD MOVIL PUCARITA', 'COCHABAMBA                    '),
('300057', 'C.S COMBASE 1ª DE MAYO(P)', 'COCHABAMBA                    '),
('300058', 'PUCARITA', 'COCHABAMBA                    '),
('300059', 'ESPANA', 'COCHABAMBA                    '),
('300060', 'C.S. COMBASE MOLLE MOLLE', 'COCHABAMBA                    '),
('300061', 'C.S. CERRO VERDE SAN CARLOS', 'COCHABAMBA                    '),
('300062', 'C.S. COMBASE SAN MIGUEL', 'COCHABAMBA                    '),
('300063', 'SARCOBAMBA', 'COCHABAMBA                    '),
('300064', 'ALTO PAGADOR', 'COCHABAMBA                    '),
('300065', 'SEBASTIAN PAGADOR', 'COCHABAMBA                    '),
('300066', 'TEMPORAL', 'COCHABAMBA                    '),
('300067', 'TICTI NORTE', 'COCHABAMBA                    '),
('300068', 'C.S. GUARDERIA TICTI NORTE', 'COCHABAMBA                    '),
('300069', 'TUPURAYA', 'COCHABAMBA                    '),
('300070', 'HOSP. VIEDMA', 'COCHABAMBA                    '),
('300071', 'HOSP. OBRERO Nº 2 C.N.S.', 'COCHABAMBA                    '),
('300072', 'C.S. SANTISIMA TRINIDAD', 'COCHABAMBA                    '),
('300073', 'GLORIA ALTO BUENA VISTA', 'COCHABAMBA                    '),
('300074', 'C.S. AMANECER', 'COCHABAMBA                    '),
('300075', 'C.S. POLICL. SARCOBAMBA CNS', 'COCHABAMBA                    '),
('300076', 'HOSP. PRO SALUD CHIMBA', 'COCHABAMBA                    '),
('300077', 'C.S. POLICL. VILLA GALINDO CNS', 'COCHABAMBA                    '),
('300078', 'HOSP. SETON C.P.S.', 'COCHABAMBA                    '),
('300079', 'HOSP. COSSMIL', 'COCHABAMBA                    '),
('300080', 'C.S. SERVICIO DE CAMINOS', 'COCHABAMBA                    '),
('300081', 'C.S. MEDICO JUNIN', 'COCHABAMBA                    '),
('300082', 'SENNFELD', 'COCHABAMBA                    '),
('300083', 'PENAL SAN SEBASTIAN VARONES', 'COCHABAMBA                    '),
('300084', 'PENAL SAN SEBASTIAN MUJERES', 'COCHABAMBA                    '),
('300085', 'PENAL SAN ANTONIO', 'COCHABAMBA                    '),
('300086', 'CLINICA COCHABAMBA', 'COCHABAMBA                    '),
('300087', 'HOSP. CARMEN LOPEZ', 'AIQUILE                       '),
('300088', 'HOSP. BERTOL', 'AIQUILE                       '),
('300089', 'C.S. CNS. AIQUILE', 'AIQUILE                       '),
('300090', 'ESTANZUELAS', 'AIQUILE                       '),
('300091', 'LAGARPAMPA', 'AIQUILE                       '),
('300092', 'MATARAL (CBB)', 'AIQUILE                       '),
('300093', 'QUIROGA', 'AIQUILE                       '),
('300094', 'VILLA GRANADO', 'AIQUILE                       '),
('300095', 'PASORAPA', 'PASORAPA                      '),
('300096', 'QUINORI', 'PASORAPA                      '),
('300097', 'SEIBAS', 'PASORAPA                      '),
('300098', 'ELE ELE', 'OMEREQUE                      '),
('300099', 'OMEREQUE', 'OMEREQUE                      '),
('300100', 'ARAMANI', 'AYOPAYA (V. DE INDEPENDENCIA)'),
('300101', 'CALCHANI', 'AYOPAYA (V. DE INDEPENDENCIA)'),
('300102', 'CANTUMARCA', 'AYOPAYA (V. DE INDEPENDENCIA)'),
('300103', 'CHARAHUAYTO', 'AYOPAYA (V. DE INDEPENDENCIA)'),
('300104', 'CHARAPAYA', 'AYOPAYA (V. DE INDEPENDENCIA)'),
('300105', 'CHUCHUWANI', 'AYOPAYA (V. DE INDEPENDENCIA)'),
('300106', 'COTANI (CBB)', 'AYOPAYA (V. DE INDEPENDENCIA)'),
('300107', 'HUANCARANI (CBB)', 'AYOPAYA (V. DE INDEPENDENCIA)'),
('300108', 'SAN JUAN DE DIOS (INDEPENDENCIA)', 'AYOPAYA (V. DE INDEPENDENCIA)'),
('300109', 'HOSP. KAMI', 'AYOPAYA (V. DE INDEPENDENCIA)'),
('300110', 'KERAYA', 'AYOPAYA (V. DE INDEPENDENCIA)'),
('300111', 'KUTY', 'AYOPAYA (V. DE INDEPENDENCIA)'),
('300112', 'MACHACA', 'AYOPAYA (V. DE INDEPENDENCIA)'),
('300113', 'PATIÏ¿½O', 'AYOPAYA (V. DE INDEPENDENCIA)'),
('300114', 'SANIPAYA', 'AYOPAYA (V. DE INDEPENDENCIA)'),
('300115', 'SAYLAPATA', 'AYOPAYA (V. DE INDEPENDENCIA)'),
('300116', 'SISIPALERMO', 'AYOPAYA (V. DE INDEPENDENCIA)'),
('300117', 'TIQUIRPAYA INDEPENDENCIA', 'AYOPAYA (V. DE INDEPENDENCIA)'),
('300118', 'VILACOTA', 'AYOPAYA (V. DE INDEPENDENCIA)'),
('300119', 'VILLA HERMOSA', 'AYOPAYA (V. DE INDEPENDENCIA)'),
('300120', 'ALTAMACHI', 'MOROCHATA                     '),
('300121', 'CHINCHIRI', 'MOROCHATA                     '),
('300122', 'C.S. MANO A MANO', 'MOROCHATA                     '),
('300123', 'COCAPATA', 'MOROCHATA                     '),
('300124', 'EL CHORO', 'MOROCHATA                     '),
('300125', 'FALSURI (CBB)', 'MOROCHATA                     '),
('300126', 'INCACASANI', 'MOROCHATA                     '),
('300127', 'KIRI KIRI', 'MOROCHATA                     '),
('300128', 'MOROCHATA', 'MOROCHATA                     '),
('300129', 'PATA MOROCHATA', 'MOROCHATA                     '),
('300130', 'PIUSILLA SAN ISIDRO', 'MOROCHATA                     '),
('300131', 'PUCARITA (CBB)', 'MOROCHATA                     '),
('300132', 'RINCONADA', 'MOROCHATA                     '),
('300133', 'YAYANI', 'MOROCHATA                     '),
('300134', 'HUERTA MAYU', 'TARATA                        '),
('300135', 'IZATA', 'TARATA                        '),
('300136', 'PUJYUNI', 'TARATA                        '),
('300137', 'TARATA', 'TARATA                        '),
('300138', 'ANZALDO', 'ANZALDO                       '),
('300139', 'CRUZ KÂ´ASA', 'ANZALDO                       '),
('300140', 'JATUN CIENEGA (ALFA MAYU)', 'ANZALDO                       '),
('300141', 'KALALLUSTA', 'ANZALDO                       '),
('300142', 'LA VIÑA', 'ANZALDO                       '),
('300143', 'MOLLINI', 'ANZALDO                       '),
('300144', 'PAJCHAPATA LUX', 'ANZALDO                       '),
('300145', 'PUCARA (CBB)', 'ANZALDO                       '),
('300146', 'SAN ISIDRO - ANZALDO (CBBA)', 'ANZALDO                       '),
('300147', 'SAN JOSE (CBB-ANZALDO)', 'ANZALDO                       '),
('300148', 'ARBIETO', 'ARBIETO                       '),
('300149', 'COPAPUGIO', 'ARBIETO                       '),
('300150', 'KALUYO', 'ARBIETO                       '),
('300151', 'LA LOMA (CBB)', 'ARBIETO                       '),
('300152', 'TIATACU', 'ARBIETO                       '),
('300153', 'APILLAPA', 'SACABAMBA                     '),
('300154', 'MATARANI', 'SACABAMBA                     '),
('300155', 'QUECOMA', 'SACABAMBA                     '),
('300156', 'SACABAMBA', 'SACABAMBA                     '),
('300157', 'YUNKATAQUI', 'SACABAMBA                     '),
('300158', 'ARANI', 'ARANI                         '),
('300159', 'COLLPACIACO', 'ARANI                         '),
('300160', 'POCOATA', 'ARANI                         '),
('300161', 'CAÏ¿½ADA', 'VACAS                         '),
('300162', 'PEDREGAL', 'VACAS                         '),
('300163', 'TOTORA PAMPA', 'VACAS                         '),
('300164', 'RODEO (CBB)', 'VACAS                         '),
('300165', 'VACAS', 'VACAS                         '),
('300166', 'PAREDONES', 'VACAS                         '),
('300167', 'ARQUE', 'ARQUE                         '),
('300168', 'COLCHA', 'ARQUE                         '),
('300169', 'HUAYCHA', 'ARQUE                         '),
('300170', 'KOLLPA KASA', 'ARQUE                         '),
('300171', 'PONGO 2003', 'ARQUE                         '),
('300172', 'OVEJERIA', 'ARQUE                         '),
('300173', 'TUJSUMA', 'ARQUE                         '),
('300174', 'HORNONI', 'TACOPAYA                      '),
('300175', 'CHIQUIRUYO (LOQUEAPU)', 'TACOPAYA                      '),
('300176', 'SAN MIGUEL DE AQUERANA', 'TACOPAYA                      '),
('300177', 'TACOPAYA', 'TACOPAYA                      '),
('300178', 'TOTORA PAMPA', 'TACOPAYA                      '),
('300179', 'VENTILLA', 'TACOPAYA                      '),
('300180', 'APILLAPAMPA', 'CAPINOTA                      '),
('300181', 'HOSP. CAPINOTA', 'CAPINOTA                      '),
('300182', 'CHARAMOCO', 'CAPINOTA                      '),
('300183', 'HORNOMA', 'CAPINOTA                      '),
('300184', 'C.S. C.N.S. COBOCE IRPA IRPA', 'CAPINOTA                      '),
('300185', 'MOLLINI - ANZALDO COCHABAMBA', 'CAPINOTA                      '),
('300186', 'C. S. V. MUNDIAL CAPINOTA', 'CAPINOTA                      '),
('300187', 'CAPORAYA', 'SANTIVAÑES                    '),
('300188', 'CAYACAYANI', 'SANTIVAÑES                    '),
('300189', 'HUANACOTA', 'SANTIVAÑES                    '),
('300190', 'LA PAMPA', 'SANTIVAÑES                    '),
('300191', 'P.S. POQUERA', 'SANTIVAÑES                    '),
('300192', 'SANTIVANEZ', 'SANTIVAÑES                    '),
('300193', 'C.S. PDA SANTIVAÑEZ', 'SANTIVAÑES                    '),
('300194', 'ORCOMA', 'SICAYA                        '),
('300195', 'SICAYA', 'SICAYA                        '),
('300196', 'CLIZA', 'CLIZA                         '),
('300197', 'HUASA CALLE', 'CLIZA                         '),
('300198', 'UCURENA', 'CLIZA                         '),
('300199', 'V. CONCEPCION', 'CLIZA                         '),
('300200', 'ANA RANCHO', 'TOCO                          '),
('300201', 'CHILLICCHI (TOKO)', 'TOCO                          '),
('300202', 'SICHEZ', 'TOCO                          '),
('300203', 'TOKO', 'TOCO                          '),
('300204', 'CARCAJE', 'TOLATA                        '),
('300205', 'TOLATA', 'TOLATA                        '),
('300206', 'VILLA MARIA', 'QUILLACOLLO                   '),
('300207', 'EL PASO', 'QUILLACOLLO                   '),
('300208', 'IRONCOLLO', 'QUILLACOLLO                   '),
('300209', 'KAUSAY', 'QUILLACOLLO                   '),
('300210', 'C.S. DISTRITO \"3\"', 'QUILLACOLLO                   '),
('300211', 'C.S. POL. QUILLACOLLO # 70', 'QUILLACOLLO                   '),
('300212', 'C.S. ALICIA POR MUJERES', 'QUILLACOLLO                   '),
('300213', 'HOSP. QUILLACOLLO', 'QUILLACOLLO                   '),
('300214', 'CLINICAS PRIVADAS QLLO', 'QUILLACOLLO                   '),
('300215', 'C.S. SANJA PAMPA', 'QUILLACOLLO                   '),
('300216', 'CALVARIO', 'QUILLACOLLO                   '),
('300217', 'ITAPAYA', 'SIPE SIPE                     '),
('300218', 'MALLCO RANCHO', 'SIPE SIPE                     '),
('300219', 'MONTE NEGRO', 'SIPE SIPE                     '),
('300220', 'PAROTANI', 'SIPE SIPE                     '),
('300221', 'PAYACOLLO', 'SIPE SIPE                     '),
('300222', 'SIPE SIPE (SENOR DE LOS MILAGROS)', 'SIPE SIPE                     '),
('300223', 'VINTO CHICO', 'SIPE SIPE                     '),
('300224', 'CHAPISIRCA', 'TIQUIPAYA                     '),
('300225', 'C.S. CHILIMARCA', 'TIQUIPAYA                     '),
('300226', 'LINDE', 'TIQUIPAYA                     '),
('300227', 'C.S. P. D. I. TIQUIPAYA', 'TIQUIPAYA                     '),
('300228', 'HOSP. TIQUIPAYA', 'TIQUIPAYA                     '),
('300229', 'HOSP. VINTO', 'VINTO                         '),
('300230', 'CAPACACHI', 'COLCAPIRHUA                   '),
('300231', 'HOSP. CUSCHIERI', 'COLCAPIRHUA                   '),
('300232', 'KAMI', 'COLCAPIRHUA                   '),
('300233', 'C.S. PRO MUJER (COL.)', 'COLCAPIRHUA                   '),
('300234', 'C.S. SAUSALITO', 'COLCAPIRHUA                   '),
('300235', 'SIMON BOLIVAR', 'COLCAPIRHUA                   '),
('300236', 'COLCAPIRHUA', 'COLCAPIRHUA                   '),
('300237', 'CATACHILLA ALTA', 'SACABA                        '),
('300238', 'CHALLVIRI', 'SACABA                        '),
('300239', 'HUAYLLANI', 'SACABA                        '),
('300240', 'C.S. PEDRO TORRE', 'SACABA                        '),
('300241', 'MELGA', 'SACABA                        '),
('300242', 'PALCA (CBB)', 'SACABA                        '),
('300243', 'HOSP. SACABA MEXICO', 'SACABA                        '),
('300244', 'C.S. POLI. CNS.SACABA', 'SACABA                        '),
('300245', 'C.S. CLINICA AREBALO', 'SACABA                        '),
('300246', 'C.S. VIRGEN DEL AMPARO', 'SACABA                        '),
('300247', 'C.S. ASUNCION', 'SACABA                        '),
('300248', 'C.S. URGENCIAS MEDICAS', 'SACABA                        '),
('300249', 'C.S. INF. EL CARMEN', 'SACABA                        '),
('300250', 'C.S. DR. J. C. VILLARROEL', 'SACABA                        '),
('300251', 'C. S. MEDICO SACABA', 'SACABA                        '),
('300252', 'C.S. SAPANANI', 'SACABA                        '),
('300253', 'SOLOMON KLEIN', 'SACABA                        '),
('300254', 'TUTIMAYU', 'SACABA                        '),
('300255', 'UCUCHI', 'SACABA                        '),
('300256', 'C.S. QUIRURGICO SAN PEDRO', 'SACABA                        '),
('300257', 'CAMPO VIA', 'COLOMI                        '),
('300258', 'CANDELARIA', 'COLOMI                        '),
('300259', 'COLOMI', 'COLOMI                        '),
('300260', 'CORANI PAMPA', 'COLOMI                        '),
('300261', 'MAICA MONTE', 'COLOMI                        '),
('300262', 'MOSOJ LLAJTA', 'COLOMI                        '),
('300263', 'TABLAS MONTE', 'COLOMI                        '),
('300264', 'P.S. ALASKA', 'VILLA TUNARI                  '),
('300265', 'AROMA', 'VILLA TUNARI                  '),
('300266', 'C.S. CHIPIRIRI', 'VILLA TUNARI                  '),
('300267', 'CINCO ESQUINAS', 'VILLA TUNARI                  '),
('300268', 'CRISTAL MAYU', 'VILLA TUNARI                  '),
('300269', 'ETERAZAMA', 'VILLA TUNARI                  '),
('300270', 'ICOYA', 'VILLA TUNARI                  '),
('300271', 'ISINUTA', 'VILLA TUNARI                  '),
('300272', 'JATUN PAMPA', 'VILLA TUNARI                  '),
('300273', 'MOLETO', 'VILLA TUNARI                  '),
('300274', 'P.S. PUERTO SAN FRANCISCO', 'VILLA TUNARI                  '),
('300275', 'TODO SANTOS', 'VILLA TUNARI                  '),
('300276', 'P.S.PUCA MAYU', 'VILLA TUNARI                  '),
('300277', 'PUERTO PATIÏ¿½O', 'VILLA TUNARI                  '),
('300278', 'SAMUZABETY', 'VILLA TUNARI                  '),
('300279', 'KM 21', 'VILLA TUNARI                  '),
('300280', 'SAN GABRIEL', 'VILLA TUNARI                  '),
('300281', 'SAN JOSE (CBB-VILLA TUNARI)', 'VILLA TUNARI                  '),
('300282', 'SAN RAFAEL (CBB)', 'VILLA TUNARI                  '),
('300283', 'TACOPAYA', 'VILLA TUNARI                  '),
('300284', 'P.S. TACUARAL', 'VILLA TUNARI                  '),
('300285', 'UNCIA', 'VILLA TUNARI                  '),
('300286', 'VILLA 14 DE SEPTIEMBRE', 'VILLA TUNARI                  '),
('300287', 'VILLA BOLIVAR', 'VILLA TUNARI                  '),
('300288', 'HOSP. VILLA TUNARI S.F. DE ASIS', 'VILLA TUNARI                  '),
('300289', 'C.S. C.N.S. VILLA TUNARI', 'VILLA TUNARI                  '),
('300290', 'JAPO', 'TAPACARI                      '),
('300291', 'CHALLA', 'TAPACARI                      '),
('300292', 'CHIVIRRANCHO', 'TAPACARI                      '),
('300293', 'CORACABA', 'TAPACARI                      '),
('300294', 'JATUN PAMPA', 'TAPACARI                      '),
('300295', 'JIRONKOTA', 'TAPACARI                      '),
('300296', 'LEQUE', 'TAPACARI                      '),
('300297', 'LLAVINI', 'TAPACARI                      '),
('300298', 'PALCA MOLINO', 'TAPACARI                      '),
('300299', 'RAMADAS', 'TAPACARI                      '),
('300300', 'TAPACARI', 'TAPACARI                      '),
('300301', 'TUNAS VINTO', 'TAPACARI                      '),
('300302', 'VILLA PEREIRA', 'TAPACARI                      '),
('300303', 'WACA PLAYA', 'TAPACARI                      '),
('300304', 'ANTAKAWA', 'TOTORA(CBBA)                  '),
('300305', 'COPACHUNCHO', 'TOTORA(CBBA)                  '),
('300306', 'EPIZANA', 'TOTORA(CBBA)                  '),
('300307', 'LAIMETORO', 'TOTORA(CBBA)                  '),
('300308', 'SAUCE PILAPATA', 'TOTORA(CBBA)                  '),
('300309', 'TIKAPAMPA', 'TOTORA(CBBA)                  '),
('300310', 'HOSP. TOTORA', 'TOTORA(CBBA)                  '),
('300311', 'BULO BULO', 'ENTRE RIOS CBBA               '),
('300312', 'CHALLWANI', 'POJO (CBBA)                   '),
('300313', 'ANDINO', 'ENTRE RIOS CBBA               '),
('300314', 'DIANPAMPA', 'POJO (CBBA)                   '),
('300315', 'ENTRE RIOS', 'ENTRE RIOS CBBA               '),
('300316', 'ISARZAMA', 'ENTRE RIOS CBBA               '),
('300317', 'KARAHUASI', 'POJO (CBBA)                   '),
('300318', 'ALTO LINARES', 'ENTRE RIOS CBBA               '),
('300319', 'P.S. PALCA MAYU', 'ENTRE RIOS CBBA               '),
('300320', 'POJO', 'POJO (CBBA)                   '),
('300321', 'RODEO ADENTRO', 'POJO (CBBA)                   '),
('300322', 'YUTUPAMPA', 'POJO (CBBA)                   '),
('300323', 'RIO BLANCO', 'ENTRE RIOS CBBA               '),
('300324', 'CHILLIJCHI (POCONA)', 'POCONA                        '),
('300325', 'CONDA BAJA', 'POCONA                        '),
('300326', 'LAIMINA', 'POCONA                        '),
('300327', 'LOMAN (CHIUCHI)', 'POCONA                        '),
('300328', 'LOPE MENDOZA', 'POCONA                        '),
('300329', 'POCONA', 'POCONA                        '),
('300330', 'QOPI', 'POCONA                        '),
('300331', 'QUEWINAPAMPA', 'POCONA                        '),
('300332', 'WAYAPACHA', 'POCONA                        '),
('300333', 'YURAK MOLINO', 'POCONA                        '),
('300334', 'SAN JUAN DE DIOS CHIMORE', 'CHIMORE                       '),
('300335', 'LA MISION', 'CHIMORE                       '),
('300336', 'PUERTO AURORA', 'CHIMORE                       '),
('300337', 'EL CARMEN (CBB)', 'CHIMORE                       '),
('300338', 'SANTA ISABEL (CBB)', 'CHIMORE                       '),
('300339', 'SAN ANDRES (CBB)', 'CHIMORE                       '),
('300340', 'TACUARAL ENTRE RIOS', 'CHIMORE                       '),
('300341', '2 DE MARZO', 'PUERTO VILLARROEL             '),
('300342', 'ALTO SAN PABLO', 'PUERTO VILLARROEL             '),
('300343', 'AYOPAYA', 'PUERTO VILLARROEL             '),
('300344', 'BIARECUATE', 'PUERTO VILLARROEL             '),
('300345', 'ISRAEL', 'PUERTO VILLARROEL             '),
('300346', 'HOSP. IVIRGARZAMA', 'PUERTO VILLARROEL             '),
('300347', 'C.S. MARIPOSAS', 'PUERTO VILLARROEL             '),
('300348', 'PARAISO', 'PUERTO VILLARROEL             '),
('300349', 'PUERTO VILLARROEL', 'PUERTO VILLARROEL             '),
('300350', 'C.S. SAJTA', 'PUERTO VILLARROEL             '),
('300351', 'SENDA VI', 'PUERTO VILLARROEL             '),
('300352', 'VALLE HERMOSO (CBB)', 'PUERTO VILLARROEL             '),
('300353', 'VALLE IVIRZA', 'PUERTO VILLARROEL             '),
('300354', 'VALLE TUNARI', 'PUERTO VILLARROEL             '),
('300355', 'VILLA NUEVA', 'PUERTO VILLARROEL             '),
('300356', 'TAMBORADA', 'PUERTO VILLARROEL             '),
('300357', 'KURI', 'MIZQUE                        '),
('300358', 'LAGUNA', 'MIZQUE                        '),
('300359', 'MINA ASIENTOS', 'MIZQUE                        '),
('300360', 'HOSP. MIZQUE \"AUGUSTOMORALES ASUA\"', 'MIZQUE                        '),
('300361', 'MIZQUEPAMPA', 'MIZQUE                        '),
('300362', 'RAQAYPAMPA', 'MIZQUE                        '),
('300363', 'MOLINERO', 'MIZQUE                        '),
('300364', 'SALVIA', 'MIZQUE                        '),
('300365', 'SAN VICENTE (CBB)', 'MIZQUE                        '),
('300366', 'TIN TIN', 'MIZQUE                        '),
('300367', 'TIPA TIPA', 'MIZQUE                        '),
('300368', 'TUCMA ALTA', 'MIZQUE                        '),
('300369', 'POCOTAICA', 'VILA VILA                     '),
('300370', 'SIKIMIRA', 'VILA VILA                     '),
('300371', 'SIVINGANI', 'VILA VILA                     '),
('300372', 'VILA VILA (CBB)', 'VILA VILA                     '),
('300373', 'ALALAY (MIZQUE)', 'ALALAY                        '),
('300374', 'QUTURI', 'ALALAY                        '),
('300375', 'AYAPAMPA', 'ALALAY                        '),
('300376', 'YANAGAGA', 'ALALAY                        '),
('300377', 'LA VILLA', 'PUNATA                        '),
('300378', 'HOSP. PUNATA (MANUEL A.VILLAR)', 'PUNATA                        '),
('300379', 'PUNATA', 'PUNATA                        '),
('300380', 'C.S. POL CNS NO.55', 'PUNATA                        '),
('300381', 'VIRGEN DE GUADALUPE (CBB-PUNATA)', 'PUNATA                        '),
('300382', 'LEON RANCHO', 'PUNATA                        '),
('300383', 'TAJAMAR', 'PUNATA                        '),
('300384', 'LAGUNA SULTI', 'PUNATA                        '),
('300385', 'ARAMASI', 'VILLA RIVERO                  '),
('300386', 'VILLA RIVERO', 'VILLA RIVERO                  '),
('300387', 'ALISU MAYU', 'SAN BENITO                    '),
('300388', 'CURSANI', 'PUNATA                        '),
('300389', 'LAGUNA CARMEN', 'SAN BENITO                    '),
('300390', 'SAN BENITO (CBB)', 'SAN BENITO                    '),
('300391', 'PARACAYA', 'SAN BENITO                    '),
('300392', 'SUNCHU PAMPA', 'SAN BENITO                    '),
('300393', 'SAN FRANCISCO', 'TACACHI                       '),
('300394', 'TACACHI', 'TACACHI                       '),
('300395', 'V. GUALBERTO VILL.', 'CUCHUMUELA (V. G. VILLARROEL)'),
('300396', 'YANA RUMI', 'CUCHUMUELA (V. G. VILLARROEL)'),
('300397', 'BOLIVAR', 'BOLIVAR                       '),
('300398', 'CARPANI', 'BOLIVAR                       '),
('300399', 'COMUNA(2002)', 'BOLIVAR                       '),
('300400', 'TANGALEQUE', 'BOLIVAR                       '),
('300401', 'VILAPAMPA', 'BOLIVAR                       '),
('300402', 'COTANI ALTO', 'TIRAQUE (CBBA)                '),
('300403', 'COTANI BAJO', 'TIRAQUE (CBBA)                '),
('300404', 'HOSP. IBUELO', 'TIRAQUE (CBBA)                '),
('300405', 'ISKAY WASI', 'TIRAQUE (CBBA)                '),
('300406', 'KASPICANCHA ALTA', 'TIRAQUE (CBBA)                '),
('300407', 'C.S. KAYARANI', 'TIRAQUE (CBBA)                '),
('300408', 'MAJO PAMPA', 'TIRAQUE (CBBA)                '),
('300409', 'PALCA (CBB-TIRAQUE)', 'TIRAQUE (CBBA)                '),
('300410', 'KOARI', 'TIRAQUE (CBBA)                '),
('300411', 'SANKAYANI', 'TIRAQUE (CBBA)                '),
('300412', 'P.S. SANTA ROSA', 'TIRAQUE (CBBA)                '),
('300413', 'SHINAOTA', 'TIRAQUE (CBBA)                '),
('300414', 'C.S. TIRAQUE', 'TIRAQUE (CBBA)                '),
('300415', 'PAIRUMANI (CBB)', 'TIRAQUE (CBBA)                '),
('300416', 'ILURI', 'TIRAQUE (CBBA)                '),
('300417', 'TORALAPA', 'TIRAQUE (CBBA)                '),
('300418', 'CONSULTORIO CITOLOGICO', 'COCHABAMBA                    '),
('300419', 'EDGAR MONTAÑO', 'COCHABAMBA                    '),
('300420', 'HOSPITAL MATERNO INFANTIL COCHABAMBA', 'COCHABAMBA                    '),
('300421', 'P.S. MIMERO SAN JUAN', 'COCHABAMBA                    '),
('300422', 'C.S.EVANGELICO', 'COCHABAMBA                    '),
('300423', 'C.S. PRO-MUJER', 'COCHABAMBA                    '),
('300424', 'TAJRAS', 'MIZQUE                        '),
('300425', 'LAGUNITAS', 'ARANI                         '),
('300426', 'P.S. CHAUPISUYO', 'PUNATA                        '),
('300427', 'JUNTUTUYO', 'VACAS                         '),
('300428', 'CLINICA UNITEPEC', 'COLCAPIRHUA                   '),
('300429', 'CHULLPA KASA', 'MOROCHATA                     '),
('300430', 'PUTUCUNI', 'MOROCHATA                     '),
('300431', 'C.S. PRO-MUJER', 'QUILLACOLLO                   '),
('300432', 'SAN JOSE (CBB-COLOMI)', 'COLOMI                        '),
('300433', 'C.S. CM REHAB. INTEG. VIRGEN DE AFRICA', 'SACABA                        '),
('300434', 'HUANACUNI CHICO', 'OMEREQUE                      '),
('300435', 'C.S. POLICONSULTORIO MUNICIPAL', 'COCHABAMBA                    '),
('300436', 'C.S. CANAAN ( ALTO CBBA)', 'COCHABAMBA                    '),
('300437', 'C.S. CANAAN (S.P.)', 'COCHABAMBA                    '),
('300438', 'PEÏ¿½A COLORADA', 'OMEREQUE                      '),
('300439', 'C.S. CENTRO MEDICO SANTA TERESITA', 'COCHABAMBA                    '),
('300440', 'C.S. CENTRO COMUNARIO EMANUEL', 'COCHABAMBA                    '),
('300441', 'C.S. MEDICO BOLIVIANO COREANO', 'COCHABAMBA                    '),
('300442', 'C.S. MEDICO BOLIVAR', 'COCHABAMBA                    '),
('300443', 'C.S. CLINICA COPACABANA', 'COCHABAMBA                    '),
('300444', 'C.S. CLINICA SOLIDARIA ARANO', 'COCHABAMBA                    '),
('300445', 'C.S. MEDICO KANTUTA', 'COCHABAMBA                    '),
('300446', 'C.S. MEDICO MONTAÑO', 'COCHABAMBA                    '),
('300447', 'CENTRO DE NUTRICION INF ALBINA R PATINO', 'COCHABAMBA                    '),
('300448', 'C.S. LORETO', 'COCHABAMBA                    '),
('300449', 'C.S. POLICONSULTORIO SAN JUAN DE DIOS', 'COCHABAMBA                    '),
('300450', 'CLINICA SAN JUAN DE DIOS', 'COCHABAMBA                    '),
('300451', 'P.S. SAN FRANCISCO', 'COCHABAMBA                    '),
('300452', 'CONSULTORIO MEDICO JUAN BOSCO', 'COCHABAMBA                    '),
('300453', 'CLINICA LOS OLIVOS', 'COCHABAMBA                    '),
('300454', 'CLINICA COBIJA', 'COCHABAMBA                    '),
('300455', 'C.S. CONSULTORIO MEDICO TEMPORAL', 'COCHABAMBA                    '),
('300456', 'C.S. PROMUJER TEMPORAL', 'COCHABAMBA                    '),
('300457', 'C.S. POLICONSULTORIO CRISTO REY', 'COCHABAMBA                    '),
('300458', 'HOSP. CLINICA SAN FRANCISCO', 'COCHABAMBA                    '),
('300459', 'HOSP. POLICIAL VIRGEN DE COPACABANA', 'COCHABAMBA                    '),
('300460', 'HOSP. BOLIVIANO BELGA', 'COCHABAMBA                    '),
('300461', 'C.S. PROMUJER MUYURINA', 'COCHABAMBA                    '),
('300462', 'HOSP. CLINICA LA PAZ', 'COCHABAMBA                    '),
('300463', 'C.S. HNO ANDRES PEDRON SANTA VERA CRUZ', 'COCHABAMBA                    '),
('300464', 'HOSP. CENTRO DE ESP. GEDIATRICAS', 'COCHABAMBA                    '),
('300465', 'HOSP. CLINICA DR LUIS MORALES A', 'COCHABAMBA                    '),
('300466', 'C.S. CLINICA BOLIVIANO CUBANO', 'COCHABAMBA                    '),
('300467', 'C.S. HOSPICIO', 'COCHABAMBA                    '),
('300468', 'H.C. SAN PEDRO', 'COCHABAMBA                    '),
('300469', 'C.S. SANTA ROSA', 'COCHABAMBA                    '),
('300470', 'HOSPITAL CLINICA SAN JUAN DE DIOS PULACAYO', 'COCHABAMBA                    '),
('300471', '6 DE AGOSTO', 'ENTRE RIOS CBBA               '),
('300472', 'SANTA FE', 'PUERTO VILLARROEL             '),
('300473', 'ALTO CHIJINI', 'PUERTO VILLARROEL             '),
('300474', 'NUEVA ESTRELLA', 'PUERTO VILLARROEL             '),
('300475', 'MAMAWASI', 'POCONA                        '),
('300476', 'PALCA (CBB-POJO)', 'POJO (CBBA)                   '),
('300477', 'SANTIAGO (CBB)', 'MIZQUE                        '),
('300478', 'P.S. SIVINGANI CHICO', 'ALALAY                        '),
('300479', 'CAPILLA', 'PUNATA                        '),
('300480', 'SAGA-SAGA', 'ARANI                         '),
('300481', 'KARA KARA', 'COCHABAMBA                    '),
('300482', 'IRPA IRPA', 'CAPINOTA                      '),
('300483', 'INST. ONCOLOGICO NACIONAL (CBB)', 'COCHABAMBA                    '),
('300484', 'H.C. SANTA CASA DE MISERICORDIA', 'COCHABAMBA                    '),
('300485', 'H.C. PASTEUR', 'COCHABAMBA                    '),
('300486', 'C.S. SAN LUIS', 'COCHABAMBA                    '),
('300487', 'HOSP. CLINICA SAAVEDRA', 'COCHABAMBA                    '),
('300488', 'C.S. BRASIL', 'COCHABAMBA                    '),
('300489', 'C.S. ANGELA', 'COCHABAMBA                    '),
('300490', 'C.S. SEÑOR DE BURGOS', 'COCHABAMBA                    '),
('300491', 'HOSP. CLINICA LA PIEDAD', 'COCHABAMBA                    '),
('300492', 'CLINICA NUESTRA SEÑORA DE LOURDES', 'COCHABAMBA                    '),
('300493', 'PARACTI', 'COLOMI                        '),
('300494', 'TUSCAPUJIO', 'SACABA                        '),
('300495', 'P.S. HUAYLLANI (A)', 'SACABA                        '),
('300496', 'ARAMASI', 'TAPACARI                      '),
('300497', 'CONFITAL', 'TAPACARI                      '),
('300498', 'PONGO KASA', 'TAPACARI                      '),
('300499', 'P. S. TOLAR', 'PASORAPA                      '),
('300500', 'APOTE', 'QUILLACOLLO                   '),
('300501', 'ESTANO PALMITO', 'CHIMORE                       '),
('300502', 'VILLA VINTO', 'MOROCHATA                     '),
('300503', 'C.S. CNS KAMI', 'AYOPAYA (V. DE INDEPENDENCIA)'),
('300504', 'CIUDAD DEL NIÏ¿½O', 'TIQUIPAYA                     '),
('300505', 'HAYQUI KASA', 'TACOPAYA                      '),
('300506', 'ALALAY', 'SACABA                        '),
('300507', 'AGUIRRE', 'SACABA                        '),
('300508', 'PEDRO DOMINGO MURILLO', 'VILLA TUNARI                  '),
('300509', 'MARISCAL SUCRE', 'VILLA TUNARI                  '),
('300510', 'P.S. ATOJ HUACHANA', 'SACABA                        '),
('300511', 'PISLI', 'SACABA                        '),
('300512', 'KALUYO CHICO', 'SACABA                        '),
('300513', 'ICHUCOLLO', 'SACABA                        '),
('300514', 'EL ABRA', 'SACABA                        '),
('300515', 'MONTEPUNCO', 'POCONA                        '),
('300516', 'QUEWINA KASA', 'POCONA                        '),
('300517', 'UCHAMA ALTA', 'MIZQUE                        '),
('300518', 'CORATA', 'SICAYA                        '),
('300519', 'C.S. CLÍNICA AMAZONAS', 'COCHABAMBA                    '),
('300520', 'C.S. CONSULTORIOSAN JUAN DE DIOS CALA CALA', 'COCHABAMBA                    '),
('300521', 'C.S. MADRE TERESA DE CALCUTA', 'COCHABAMBA                    '),
('300522', 'MAICA CENTRAL', 'COCHABAMBA                    '),
('300523', 'C.S. PADRE CALIXTO', 'COCHABAMBA                    '),
('300524', 'C.S. SAN VICENTE TUPURAYA', 'COCHABAMBA                    '),
('300525', 'C.S. SANTA ISABEL', 'COCHABAMBA                    '),
('300526', 'C.S. SEICOS', 'COCHABAMBA                    '),
('300527', 'HOSP.CLÍNICA DEL TRANSPORTISTA', 'COCHABAMBA                    '),
('300528', 'HOSP.SEÑOR DE MAYO', 'COCHABAMBA                    '),
('300529', 'APHARUMIRI', 'TAPACARI                      '),
('300530', 'HUAYLLAMAYU', 'TAPACARI                      '),
('300531', 'MONTECILLO ALTO', 'TIQUIPAYA                     '),
('300532', 'JAMPINA HUASI', 'TIQUIPAYA                     '),
('300533', 'HOSPITAL ESPERANZA', 'VINTO                         '),
('300534', 'MACHAJMARCA', 'VINTO                         '),
('300535', 'ISCAIPATA', 'VINTO                         '),
('300536', 'C.S. KERAYA (PUBLICO ALCALDIA)', 'VINTO                         '),
('300537', 'C.S. PRO MUJER(ONG)', 'COLCAPIRHUA                   '),
('300538', 'VILLA ORURO', 'TIQUIPAYA                     '),
('300539', '4 ESQUINAS ( PUBLICO ALCALDIA)', 'TIQUIPAYA                     '),
('300540', 'C.S. ATENCION DEL ADULTO MAYOR', 'COCHABAMBA                    '),
('300541', 'HOSP. VALLE HERMOSO', 'COCHABAMBA                    '),
('300542', 'C.S. NUEVA GANTE', 'COCHABAMBA                    '),
('300543', 'HOSP. CLIN. SAN JUAN DE DIOS', 'COCHABAMBA                    '),
('300544', 'VILLA EL MAR', 'SACABA                        '),
('300545', 'INGAVI \"B\"', 'PUERTO VILLARROEL             '),
('300546', 'PUYUHUASI', 'POCONA                        '),
('300547', 'SIVINGANI CHICO', 'ALALAY                        '),
('300548', 'MHISKA MAYO', 'TIRAQUE (CBBA)                '),
('300549', 'ELVIRA', 'AIQUILE                       '),
('300550', 'PAMPAS', 'PASORAPA                      '),
('300551', 'C.S. PRO-MUJER SACABA', 'SACABA                        '),
('300552', 'CHULLA', 'VINTO                         '),
('300553', 'PARTE LIBRE', 'MOROCHATA                     '),
('300554', 'ICARI', 'MOROCHATA                     '),
('300555', 'HUMAMARCA', 'MOROCHATA                     '),
('300556', 'CALIENTES', 'MOROCHATA                     '),
('300557', 'CALLAJCHULPA', 'TIQUIPAYA                     '),
('300558', 'C.S. CONSULTORIO PEDIATRICO', 'COCHABAMBA                    '),
('300559', 'COLORADO', 'MOROCHATA                     '),
('300560', 'P.S. UCHU UCHU', 'QUILLACOLLO                   '),
('300561', 'UCHU UCHU', 'SIPE SIPE                     '),
('300562', 'COMBUYO', 'VINTO                         '),
('300563', 'CHAMACOMA', 'AYOPAYA (V. DE INDEPENDENCIA)'),
('300564', 'C.S. NAZARENO', 'COCHABAMBA                    '),
('300565', 'CUEVAS PAMPA', 'VILA VILA                     '),
('300566', 'P.S. AYOMA', 'ANZALDO                       '),
('300567', 'HUAÑA COTA', 'TACACHI                       '),
('300568', 'GUAMAN HUACHANA', 'ALALAY                        '),
('300569', 'AYOMA', 'CLIZA                         '),
('300570', 'SAN SALVADOR', 'VILLA TUNARI                  '),
('300571', '1 DE MAYO', 'VILLA TUNARI                  '),
('300572', 'URKUPINA', 'VILLA TUNARI                  '),
('300573', 'PANTOJA', 'OMEREQUE                      '),
('300574', 'ESPINAL', 'PASORAPA                      '),
('300575', 'PLATAFORMA DE ATENCION INTEGRAL A LOS PACIENTES CON ENFERMEDAD DE CHAG', 'COCHABAMBA                    '),
('300576', 'CHANCADORA', 'ENTRE RIOS CBBA               '),
('300577', 'PADILLA \"A\"', 'PUERTO VILLARROEL             '),
('300578', 'SACTA NORTE', 'PUERTO VILLARROEL             '),
('300579', 'CENTRO MATERNO INFANTIL ESPERANZA', 'QUILLACOLLO                   '),
('300580', 'MARAVILLAS', 'COCAPATA                      '),
('300581', 'P.S. STA. MARIA SOLEDAD', 'TIQUIPAYA                     '),
('300582', 'QUEÑUATA', 'ARQUE                         '),
('300583', 'KUTIMARCA', 'ARQUE                         '),
('300584', 'VILLA VENEZUELA', 'COCHABAMBA                    '),
('300585', 'HOSP. CLINICA MARIA DE LOS ANGELES', 'COCHABAMBA                    '),
('300586', 'VILAQUE', 'POJO (CBBA)                   '),
('300587', 'THAGO LAGUNA', 'POJO (CBBA)                   '),
('300588', 'JATUM PAMPA', 'POCONA                        '),
('300589', 'GUADALUPE', 'SACABA                        '),
('300590', 'NUEVA CANAAN', 'CHIMORE                       '),
('300591', '11 DE MARZO', 'VILLA RIVERO                  '),
('300592', 'C.S. MINERO SAN JUAN', 'CHIMORE                       '),
('300593', 'C.S. VIGILANCIA Y REFERENCIA CDVIR', 'COCHABAMBA                    '),
('300594', 'C.S. CENAROB', 'COCHABAMBA                    '),
('300595', 'PATAICUNA', 'TOTORA(CBBA)                  '),
('300596', 'PUERTO AROMA', 'SHINAOTA                      '),
('300597', 'CLINICA ARANJUEZ', 'COCHABAMBA                    '),
('300598', 'CLINICA UNIVERSITARIA DE AQUINO CUDAC S.R.L', 'COCHABAMBA                    '),
('300599', 'SANTA ANITA', 'CHIMORE                       '),
('300600', 'C.S. FUNDACIÓN PIETRO GAMBA', 'ANZALDO                       '),
('300601', 'ESMERALDA', 'OMEREQUE                      '),
('300602', 'C.S. MINERO SAN JUAN', 'COCHABAMBA                    '),
('300603', 'CENTRO MEDICO QUIRURGICO FERREL', 'COCHABAMBA                    '),
('300604', 'C. S. Y REHABILITACION COMUNITARIO ROJAS MEJIA', 'COCHABAMBA                    '),
('300605', 'C.S. MÉDICO SAN ALBERTO', 'PUERTO VILLARROEL             '),
('300606', 'IBIRIZU', 'SHINAOTA                      '),
('300607', 'INDEPENDENCIA', 'VILLA TUNARI                  '),
('300608', 'LITORAL SANTA ROSA', 'VILLA TUNARI                  '),
('300609', 'C.S. POLICLINICO DEL SUR', 'COCHABAMBA                    '),
('300610', 'RODEO BAJO', 'TIRAQUE (CBBA)                '),
('300611', 'C.S. SOCIAL FRANCISCANO', 'COCHABAMBA                    '),
('300612', 'CENTRAL NUEVA CHAPARE', 'VILLA TUNARI                  '),
('300613', 'ITIRAPAMPA', 'VILLA TUNARI                  '),
('300614', 'P.S. ALTO SAN JOSÉ', 'VILLA TUNARI                  '),
('300615', 'CAPIHUARA', 'VILLA TUNARI                  '),
('300616', 'CENTRAL ANZALDO', 'VILLA TUNARI                  '),
('300617', 'LOCOTAL', 'VILLA TUNARI                  '),
('300618', 'PADRE SUYO', 'TOLATA                        '),
('300619', 'PUKA PAMAPA', 'TOCO                          '),
('300620', 'HUAYCULLI', 'TARATA                        '),
('300621', 'CHALLAQUE', 'SACABAMBA                     '),
('300622', 'ARANJUEZ', 'ARBIETO                       '),
('300623', 'LARATI', 'SACABA                        '),
('300624', 'MAMANACA', 'ARBIETO                       '),
('300625', '20 DE OCTUBRE', 'ARBIETO                       '),
('300626', 'LLAVE MAYU', 'ARBIETO                       '),
('300627', 'C.S POLICLINICO Nº 32', 'COCHABAMBA                    '),
('300628', 'HOSPITAL PROSALUD MELCHOR PEREZ', 'COCHABAMBA                    '),
('300629', 'P.S. SAN ANTONIO PENITENCIARIO', 'COCHABAMBA                    '),
('300630', 'P.S. MUJERES SAN SEBASTIAN PENITENCIARIO', 'COCHABAMBA                    '),
('300631', 'P.S VARONES SAN SEBASTIAN PENITENCIARIO', 'COCHABAMBA                    '),
('300632', 'C.S. CENALFES', 'COCHABAMBA                    '),
('300633', 'C.S. SAN SILVESTRE', 'COCHABAMBA                    '),
('300634', 'C.S QUIRURGICO MATERNOLOGICO MEXICO', 'COCHABAMBA                    '),
('300635', 'P.S. BOQUERON K´ASA', 'TIRAQUE (CBBA)                '),
('300636', 'P.S. SERRANO', 'ARANI                         '),
('300637', 'P.S TRINIDADCITO', 'CHIMORE                       '),
('300638', 'CENTRO MEDICO SAGRADO CORAZON', 'PUERTO VILLARROEL             '),
('300639', 'UNIDAD DE HEMODIALISIS', 'COCHABAMBA                    '),
('300640', 'HEMO - D SERVICIOS DE DIALISIS S.R.L.', 'COCHABAMBA                    '),
('300641', 'NEFRODIAL CENTRO DEL RIÑON', 'COCHABAMBA                    '),
('300642', 'C.S INTEGRAL 1RO DE MAYO', 'COCHABAMBA                    '),
('300643', 'C.S. SAN LUIS', 'COCHABAMBA                    '),
('300644', 'P.S. CHINCHILLA', 'VINTO                         '),
('300645', 'CENTRO MEDICO VIRGEN DE GUADALUPE', 'SACABA                        '),
('300646', 'A I N CENTRO DE HEMODIALISIS', 'AIQUILE                       '),
('300647', 'A I N CENTRO DE HEMODIALISIS', 'COCHABAMBA                    '),
('300648', 'CENTRO HEMODIALISIS DE IRAN', 'COCHABAMBA                    '),
('300649', 'LOS LAUROS S.R.L.', 'COCHABAMBA                    '),
('300650', 'SAN BENITO', 'VILLA TUNARI                  '),
('300651', 'SANTA ROSA DE LA BOCA DEL CHAPARE', 'VILLA TUNARI                  '),
('300652', 'CENTRO DE SALUD SAN JOSE DE ANGOSTA', 'VILLA TUNARI                  '),
('300653', 'TRES DE MAYO', 'VILLA TUNARI                  '),
('300654', 'SAN MIGUELITO', 'VILLA TUNARI                  '),
('300655', 'SANTA ROSA DEL ISIBORO', 'VILLA TUNARI                  '),
('300656', 'BUEN PASTOR', 'VILLA TUNARI                  '),
('300657', 'BANCO DE SANGRE DE REFERENCIA CBBA', 'COCHABAMBA                    '),
('300658', 'UNIDAD DE ATENCION AL ENFERMO RENAL - UNAER', 'COCHABAMBA                    '),
('300659', 'UNIDAD DE ATENCION B.I.E. SRL', 'COCHABAMBA                    '),
('300660', 'TOCORANI', 'COCAPATA                      '),
('300661', 'SEQUERRANCHO', 'COCAPATA                      '),
('300662', 'COLQUECHACA', 'COCAPATA                      '),
('300663', 'KUMARA', 'COCAPATA                      '),
('300664', 'LAGUNILLAS', 'COCAPATA                      '),
('300665', 'TUNARI', 'COCAPATA                      '),
('300666', 'MISICUNI', 'QUILLACOLLO                   '),
('300667', 'PACATA DISTRITO 3', 'SACABA                        '),
('300668', 'CENTRO DE HEMODIALISIS MARIA ESPERANZA', 'SACABA                        '),
('300669', 'CLINICA LOS ANGELES S.A.', 'COCHABAMBA                    '),
('300670', 'CENTRO DE SALUD SENDA \"F\"', 'CHIMORE                       '),
('300671', 'CENTRO DE SALUD NUEVA ESPERANZA', 'CHIMORE                       '),
('300672', 'CENTRO DE SALUD INTEGRAL TACOPAYA', 'ARQUE                         '),
('300673', 'C.S. ESPIRITU SANTO', 'VILLA TUNARI                  '),
('300674', 'C.S. TOCOPILLA', 'VILLA TUNARI                  '),
('300675', 'C.S. SAN LUIS', 'SHINAOTA                      '),
('300676', 'C.S. SAN ISIDRO', 'SHINAOTA                      '),
('300677', 'HOSPITAL DEL SUD', 'COCHABAMBA                    '),
('300678', 'CHARAGOSI', 'TACACHI                       '),
('300679', 'HOSPITAL UNIVALLE NORTE', 'COCHABAMBA                    '),
('300680', 'CONSULTORIO MÉDICO H & S', 'COCHABAMBA                    '),
('300681', 'CENTRO MÉDICO OMONTE', 'COCHABAMBA                    '),
('500177', 'SAN PEDRO DE B.V.', 'SAN PEDRO DE BUENA VISTA      '),
('300001', 'HOSP. COMBASE (9 DE ABRIL )', 'COCHABAMBA                    '),
('300002', 'C. S. PRO MUJER ALALAY', 'COCHABAMBA                    '),
('300003', 'ALALAY', 'COCHABAMBA                    '),
('300004', 'C.S. SEÑOR DE EXALTACION', 'COCHABAMBA                    '),
('300005', 'ALTO COCHABAMBA', 'COCHABAMBA                    '),
('300006', 'HOSP. MATERNOLOGICO GERMAN URQ', 'COCHABAMBA                    '),
('300007', 'HOSP. PEDIATRICO', 'COCHABAMBA                    '),
('300008', 'C.S ANEXO 32 CNS', 'COCHABAMBA                    '),
('300009', 'POL. CRUZ MEDICA BISA SEGUROS', 'COCHABAMBA                    '),
('300010', 'POLITECNICO MILITAR', 'COCHABAMBA                    '),
('300011', 'HOSP. HARRY WILLIAMS', 'COCHABAMBA                    '),
('300012', 'CS. PDA NUEVA ESPERANZA', 'COCHABAMBA                    '),
('300013', 'C.S. AZIRUMARCA V . MUNDIAL', 'COCHABAMBA                    '),
('300014', 'HOSP. SAN VICENTE', 'COCHABAMBA                    '),
('300015', 'CLINICA \"SAN MIGUEL\"', 'COCHABAMBA                    '),
('300016', 'BEATO SALOMON', 'COCHABAMBA                    '),
('300017', 'C.S. MARIE STOPS', 'COCHABAMBA                    '),
('300018', 'C.S. POLICLINICO 32 CNS', 'COCHABAMBA                    '),
('300019', 'C.S. POLICLCAJA PETROLERA', 'COCHABAMBA                    '),
('300020', 'C.S. PROMEFA CLINICA ROSBEN', 'COCHABAMBA                    '),
('300021', 'C.S. SALOMÓN KLEIN', 'COCHABAMBA                    '),
('300022', 'C.S. POLICONST.COMBASE AROMA', 'COCHABAMBA                    '),
('300023', 'C.S BETHEL', 'COCHABAMBA                    '),
('300024', 'C.S. CAJA BANCARIA (PRIVADO)', 'COCHABAMBA                    '),
('300025', 'CLINICA DEL NIÑO CBBA', 'COCHABAMBA                    '),
('300026', 'CLINICA BOLIVIANA', 'COCHABAMBA                    '),
('300027', 'CLINICA VIRGEN DE GUADALUPE', 'COCHABAMBA                    '),
('300028', 'CERRO VERDE', 'COCHABAMBA                    '),
('300029', 'CHAVEZ RANCHO', 'COCHABAMBA                    '),
('300030', 'CHIMBA', 'COCHABAMBA                    '),
('300031', 'C.S. PROMUJER CHIMBA', 'COCHABAMBA                    '),
('300032', 'C.S. C.I.E.S. COCHABAMBA', 'COCHABAMBA                    '),
('300033', 'INST GASTROENTEROLOGICO', 'COCHABAMBA                    '),
('300034', 'INST PSIQUIATRICO S.J.DE DIOS', 'COCHABAMBA                    '),
('300035', 'HOSP. ALBINA PATIÑO', 'COCHABAMBA                    '),
('300036', 'HOSP. SEG.UNIV. SAN SIMON', 'COCHABAMBA                    '),
('300037', 'C.S. PARROQUIA CONDEBAMBA', 'COCHABAMBA                    '),
('300038', 'CONDEBAMBA', 'COCHABAMBA                    '),
('300039', 'C.S. VILLA CANDELARIA', 'COCHABAMBA                    '),
('300040', 'C.S. PROMUJER CONDEBAMBA', 'COCHABAMBA                    '),
('300041', 'C.S. VIRGEN DE GUADALUPE', 'COCHABAMBA                    '),
('300042', 'C.S. CAJA CORDES', 'COCHABAMBA                    '),
('300043', 'JAIHUAYCO', 'COCHABAMBA                    '),
('300044', 'POLICONSULTORIO KANATA', 'COCHABAMBA                    '),
('300045', 'CLINICA SANTA MONICA', 'COCHABAMBA                    '),
('300046', 'C.S. VERBO DIVINO', 'COCHABAMBA                    '),
('300047', 'LA MAICA', 'COCHABAMBA                    '),
('300048', 'LACMA', 'COCHABAMBA                    '),
('300049', 'C.S. PRO-MUJER(LACMA)', 'COCHABAMBA                    '),
('300050', 'HOSP. UNIVALLE', 'COCHABAMBA                    '),
('300051', 'C.S. LUZ DEL MUNDO', 'COCHABAMBA                    '),
('300052', 'C.S. COCHABAMBA', 'COCHABAMBA                    '),
('300053', 'HOSP. SIERVAS MARIA INMACULADA', 'COCHABAMBA                    '),
('300054', 'VILLA ISRAEL PUCARA', 'COCHABAMBA                    '),
('300055', 'C.S. M SAN MARCOS', 'COCHABAMBA                    '),
('300056', 'C.S. UNIDAD MOVIL PUCARITA', 'COCHABAMBA                    '),
('300057', 'C.S COMBASE 1ª DE MAYO(P)', 'COCHABAMBA                    '),
('300058', 'PUCARITA', 'COCHABAMBA                    '),
('300059', 'ESPANA', 'COCHABAMBA                    '),
('300060', 'C.S. COMBASE MOLLE MOLLE', 'COCHABAMBA                    '),
('300061', 'C.S. CERRO VERDE SAN CARLOS', 'COCHABAMBA                    '),
('300062', 'C.S. COMBASE SAN MIGUEL', 'COCHABAMBA                    '),
('300063', 'SARCOBAMBA', 'COCHABAMBA                    '),
('300064', 'ALTO PAGADOR', 'COCHABAMBA                    '),
('300065', 'SEBASTIAN PAGADOR', 'COCHABAMBA                    '),
('300066', 'TEMPORAL', 'COCHABAMBA                    '),
('300067', 'TICTI NORTE', 'COCHABAMBA                    '),
('300068', 'C.S. GUARDERIA TICTI NORTE', 'COCHABAMBA                    '),
('300069', 'TUPURAYA', 'COCHABAMBA                    '),
('300070', 'HOSP. VIEDMA', 'COCHABAMBA                    '),
('300071', 'HOSP. OBRERO Nº 2 C.N.S.', 'COCHABAMBA                    '),
('300072', 'C.S. SANTISIMA TRINIDAD', 'COCHABAMBA                    '),
('300073', 'GLORIA ALTO BUENA VISTA', 'COCHABAMBA                    '),
('300074', 'C.S. AMANECER', 'COCHABAMBA                    '),
('300075', 'C.S. POLICL. SARCOBAMBA CNS', 'COCHABAMBA                    '),
('300076', 'HOSP. PRO SALUD CHIMBA', 'COCHABAMBA                    '),
('300077', 'C.S. POLICL. VILLA GALINDO CNS', 'COCHABAMBA                    '),
('300078', 'HOSP. SETON C.P.S.', 'COCHABAMBA                    '),
('300079', 'HOSP. COSSMIL', 'COCHABAMBA                    '),
('300080', 'C.S. SERVICIO DE CAMINOS', 'COCHABAMBA                    '),
('300081', 'C.S. MEDICO JUNIN', 'COCHABAMBA                    '),
('300082', 'SENNFELD', 'COCHABAMBA                    '),
('300083', 'PENAL SAN SEBASTIAN VARONES', 'COCHABAMBA                    '),
('300084', 'PENAL SAN SEBASTIAN MUJERES', 'COCHABAMBA                    '),
('300085', 'PENAL SAN ANTONIO', 'COCHABAMBA                    '),
('300086', 'CLINICA COCHABAMBA', 'COCHABAMBA                    '),
('300087', 'HOSP. CARMEN LOPEZ', 'AIQUILE                       '),
('300088', 'HOSP. BERTOL', 'AIQUILE                       '),
('300089', 'C.S. CNS. AIQUILE', 'AIQUILE                       '),
('300090', 'ESTANZUELAS', 'AIQUILE                       '),
('300091', 'LAGARPAMPA', 'AIQUILE                       '),
('300092', 'MATARAL (CBB)', 'AIQUILE                       '),
('300093', 'QUIROGA', 'AIQUILE                       '),
('300094', 'VILLA GRANADO', 'AIQUILE                       '),
('300095', 'PASORAPA', 'PASORAPA                      '),
('300096', 'QUINORI', 'PASORAPA                      '),
('300097', 'SEIBAS', 'PASORAPA                      '),
('300098', 'ELE ELE', 'OMEREQUE                      '),
('300099', 'OMEREQUE', 'OMEREQUE                      '),
('300100', 'ARAMANI', 'AYOPAYA (V. DE INDEPENDENCIA)'),
('300101', 'CALCHANI', 'AYOPAYA (V. DE INDEPENDENCIA)'),
('300102', 'CANTUMARCA', 'AYOPAYA (V. DE INDEPENDENCIA)'),
('300103', 'CHARAHUAYTO', 'AYOPAYA (V. DE INDEPENDENCIA)'),
('300104', 'CHARAPAYA', 'AYOPAYA (V. DE INDEPENDENCIA)'),
('300105', 'CHUCHUWANI', 'AYOPAYA (V. DE INDEPENDENCIA)'),
('300106', 'COTANI (CBB)', 'AYOPAYA (V. DE INDEPENDENCIA)'),
('300107', 'HUANCARANI (CBB)', 'AYOPAYA (V. DE INDEPENDENCIA)');
INSERT INTO `establecimiento` (`codigo_establecimiento`, `nombre`, `municipio`) VALUES
('300108', 'SAN JUAN DE DIOS (INDEPENDENCIA)', 'AYOPAYA (V. DE INDEPENDENCIA)'),
('300109', 'HOSP. KAMI', 'AYOPAYA (V. DE INDEPENDENCIA)'),
('300110', 'KERAYA', 'AYOPAYA (V. DE INDEPENDENCIA)'),
('300111', 'KUTY', 'AYOPAYA (V. DE INDEPENDENCIA)'),
('300112', 'MACHACA', 'AYOPAYA (V. DE INDEPENDENCIA)'),
('300113', 'PATIÏ¿½O', 'AYOPAYA (V. DE INDEPENDENCIA)'),
('300114', 'SANIPAYA', 'AYOPAYA (V. DE INDEPENDENCIA)'),
('300115', 'SAYLAPATA', 'AYOPAYA (V. DE INDEPENDENCIA)'),
('300116', 'SISIPALERMO', 'AYOPAYA (V. DE INDEPENDENCIA)'),
('300117', 'TIQUIRPAYA INDEPENDENCIA', 'AYOPAYA (V. DE INDEPENDENCIA)'),
('300118', 'VILACOTA', 'AYOPAYA (V. DE INDEPENDENCIA)'),
('300119', 'VILLA HERMOSA', 'AYOPAYA (V. DE INDEPENDENCIA)'),
('300120', 'ALTAMACHI', 'MOROCHATA                     '),
('300121', 'CHINCHIRI', 'MOROCHATA                     '),
('300122', 'C.S. MANO A MANO', 'MOROCHATA                     '),
('300123', 'COCAPATA', 'MOROCHATA                     '),
('300124', 'EL CHORO', 'MOROCHATA                     '),
('300125', 'FALSURI (CBB)', 'MOROCHATA                     '),
('300126', 'INCACASANI', 'MOROCHATA                     '),
('300127', 'KIRI KIRI', 'MOROCHATA                     '),
('300128', 'MOROCHATA', 'MOROCHATA                     '),
('300129', 'PATA MOROCHATA', 'MOROCHATA                     '),
('300130', 'PIUSILLA SAN ISIDRO', 'MOROCHATA                     '),
('300131', 'PUCARITA (CBB)', 'MOROCHATA                     '),
('300132', 'RINCONADA', 'MOROCHATA                     '),
('300133', 'YAYANI', 'MOROCHATA                     '),
('300134', 'HUERTA MAYU', 'TARATA                        '),
('300135', 'IZATA', 'TARATA                        '),
('300136', 'PUJYUNI', 'TARATA                        '),
('300137', 'TARATA', 'TARATA                        '),
('300138', 'ANZALDO', 'ANZALDO                       '),
('300139', 'CRUZ KÂ´ASA', 'ANZALDO                       '),
('300140', 'JATUN CIENEGA (ALFA MAYU)', 'ANZALDO                       '),
('300141', 'KALALLUSTA', 'ANZALDO                       '),
('300142', 'LA VIÑA', 'ANZALDO                       '),
('300143', 'MOLLINI', 'ANZALDO                       '),
('300144', 'PAJCHAPATA LUX', 'ANZALDO                       '),
('300145', 'PUCARA (CBB)', 'ANZALDO                       '),
('300146', 'SAN ISIDRO - ANZALDO (CBBA)', 'ANZALDO                       '),
('300147', 'SAN JOSE (CBB-ANZALDO)', 'ANZALDO                       '),
('300148', 'ARBIETO', 'ARBIETO                       '),
('300149', 'COPAPUGIO', 'ARBIETO                       '),
('300150', 'KALUYO', 'ARBIETO                       '),
('300151', 'LA LOMA (CBB)', 'ARBIETO                       '),
('300152', 'TIATACU', 'ARBIETO                       '),
('300153', 'APILLAPA', 'SACABAMBA                     '),
('300154', 'MATARANI', 'SACABAMBA                     '),
('300155', 'QUECOMA', 'SACABAMBA                     '),
('300156', 'SACABAMBA', 'SACABAMBA                     '),
('300157', 'YUNKATAQUI', 'SACABAMBA                     '),
('300158', 'ARANI', 'ARANI                         '),
('300159', 'COLLPACIACO', 'ARANI                         '),
('300160', 'POCOATA', 'ARANI                         '),
('300161', 'CAÏ¿½ADA', 'VACAS                         '),
('300162', 'PEDREGAL', 'VACAS                         '),
('300163', 'TOTORA PAMPA', 'VACAS                         '),
('300164', 'RODEO (CBB)', 'VACAS                         '),
('300165', 'VACAS', 'VACAS                         '),
('300166', 'PAREDONES', 'VACAS                         '),
('300167', 'ARQUE', 'ARQUE                         '),
('300168', 'COLCHA', 'ARQUE                         '),
('300169', 'HUAYCHA', 'ARQUE                         '),
('300170', 'KOLLPA KASA', 'ARQUE                         '),
('300171', 'PONGO 2003', 'ARQUE                         '),
('300172', 'OVEJERIA', 'ARQUE                         '),
('300173', 'TUJSUMA', 'ARQUE                         '),
('300174', 'HORNONI', 'TACOPAYA                      '),
('300175', 'CHIQUIRUYO (LOQUEAPU)', 'TACOPAYA                      '),
('300176', 'SAN MIGUEL DE AQUERANA', 'TACOPAYA                      '),
('300177', 'TACOPAYA', 'TACOPAYA                      '),
('300178', 'TOTORA PAMPA', 'TACOPAYA                      '),
('300179', 'VENTILLA', 'TACOPAYA                      '),
('300180', 'APILLAPAMPA', 'CAPINOTA                      '),
('300181', 'HOSP. CAPINOTA', 'CAPINOTA                      '),
('300182', 'CHARAMOCO', 'CAPINOTA                      '),
('300183', 'HORNOMA', 'CAPINOTA                      '),
('300184', 'C.S. C.N.S. COBOCE IRPA IRPA', 'CAPINOTA                      '),
('300185', 'MOLLINI - ANZALDO COCHABAMBA', 'CAPINOTA                      '),
('300186', 'C. S. V. MUNDIAL CAPINOTA', 'CAPINOTA                      '),
('300187', 'CAPORAYA', 'SANTIVAÑES                    '),
('300188', 'CAYACAYANI', 'SANTIVAÑES                    '),
('300189', 'HUANACOTA', 'SANTIVAÑES                    '),
('300190', 'LA PAMPA', 'SANTIVAÑES                    '),
('300191', 'P.S. POQUERA', 'SANTIVAÑES                    '),
('300192', 'SANTIVANEZ', 'SANTIVAÑES                    '),
('300193', 'C.S. PDA SANTIVAÑEZ', 'SANTIVAÑES                    '),
('300194', 'ORCOMA', 'SICAYA                        '),
('300195', 'SICAYA', 'SICAYA                        '),
('300196', 'CLIZA', 'CLIZA                         '),
('300197', 'HUASA CALLE', 'CLIZA                         '),
('300198', 'UCURENA', 'CLIZA                         '),
('300199', 'V. CONCEPCION', 'CLIZA                         '),
('300200', 'ANA RANCHO', 'TOCO                          '),
('300201', 'CHILLICCHI (TOKO)', 'TOCO                          '),
('300202', 'SICHEZ', 'TOCO                          '),
('300203', 'TOKO', 'TOCO                          '),
('300204', 'CARCAJE', 'TOLATA                        '),
('300205', 'TOLATA', 'TOLATA                        '),
('300206', 'VILLA MARIA', 'QUILLACOLLO                   '),
('300207', 'EL PASO', 'QUILLACOLLO                   '),
('300208', 'IRONCOLLO', 'QUILLACOLLO                   '),
('300209', 'KAUSAY', 'QUILLACOLLO                   '),
('300210', 'C.S. DISTRITO \"3\"', 'QUILLACOLLO                   '),
('300211', 'C.S. POL. QUILLACOLLO # 70', 'QUILLACOLLO                   '),
('300212', 'C.S. ALICIA POR MUJERES', 'QUILLACOLLO                   '),
('300213', 'HOSP. QUILLACOLLO', 'QUILLACOLLO                   '),
('300214', 'CLINICAS PRIVADAS QLLO', 'QUILLACOLLO                   '),
('300215', 'C.S. SANJA PAMPA', 'QUILLACOLLO                   '),
('300216', 'CALVARIO', 'QUILLACOLLO                   '),
('300217', 'ITAPAYA', 'SIPE SIPE                     '),
('300218', 'MALLCO RANCHO', 'SIPE SIPE                     '),
('300219', 'MONTE NEGRO', 'SIPE SIPE                     '),
('300220', 'PAROTANI', 'SIPE SIPE                     '),
('300221', 'PAYACOLLO', 'SIPE SIPE                     '),
('300222', 'SIPE SIPE (SENOR DE LOS MILAGROS)', 'SIPE SIPE                     '),
('300223', 'VINTO CHICO', 'SIPE SIPE                     '),
('300224', 'CHAPISIRCA', 'TIQUIPAYA                     '),
('300225', 'C.S. CHILIMARCA', 'TIQUIPAYA                     '),
('300226', 'LINDE', 'TIQUIPAYA                     '),
('300227', 'C.S. P. D. I. TIQUIPAYA', 'TIQUIPAYA                     '),
('300228', 'HOSP. TIQUIPAYA', 'TIQUIPAYA                     '),
('300229', 'HOSP. VINTO', 'VINTO                         '),
('300230', 'CAPACACHI', 'COLCAPIRHUA                   '),
('300231', 'HOSP. CUSCHIERI', 'COLCAPIRHUA                   '),
('300232', 'KAMI', 'COLCAPIRHUA                   '),
('300233', 'C.S. PRO MUJER (COL.)', 'COLCAPIRHUA                   '),
('300234', 'C.S. SAUSALITO', 'COLCAPIRHUA                   '),
('300235', 'SIMON BOLIVAR', 'COLCAPIRHUA                   '),
('300236', 'COLCAPIRHUA', 'COLCAPIRHUA                   '),
('300237', 'CATACHILLA ALTA', 'SACABA                        '),
('300238', 'CHALLVIRI', 'SACABA                        '),
('300239', 'HUAYLLANI', 'SACABA                        '),
('300240', 'C.S. PEDRO TORRE', 'SACABA                        '),
('300241', 'MELGA', 'SACABA                        '),
('300242', 'PALCA (CBB)', 'SACABA                        '),
('300243', 'HOSP. SACABA MEXICO', 'SACABA                        '),
('300244', 'C.S. POLI. CNS.SACABA', 'SACABA                        '),
('300245', 'C.S. CLINICA AREBALO', 'SACABA                        '),
('300246', 'C.S. VIRGEN DEL AMPARO', 'SACABA                        '),
('300247', 'C.S. ASUNCION', 'SACABA                        '),
('300248', 'C.S. URGENCIAS MEDICAS', 'SACABA                        '),
('300249', 'C.S. INF. EL CARMEN', 'SACABA                        '),
('300250', 'C.S. DR. J. C. VILLARROEL', 'SACABA                        '),
('300251', 'C. S. MEDICO SACABA', 'SACABA                        '),
('300252', 'C.S. SAPANANI', 'SACABA                        '),
('300253', 'SOLOMON KLEIN', 'SACABA                        '),
('300254', 'TUTIMAYU', 'SACABA                        '),
('300255', 'UCUCHI', 'SACABA                        '),
('300256', 'C.S. QUIRURGICO SAN PEDRO', 'SACABA                        '),
('300257', 'CAMPO VIA', 'COLOMI                        '),
('300258', 'CANDELARIA', 'COLOMI                        '),
('300259', 'COLOMI', 'COLOMI                        '),
('300260', 'CORANI PAMPA', 'COLOMI                        '),
('300261', 'MAICA MONTE', 'COLOMI                        '),
('300262', 'MOSOJ LLAJTA', 'COLOMI                        '),
('300263', 'TABLAS MONTE', 'COLOMI                        '),
('300264', 'P.S. ALASKA', 'VILLA TUNARI                  '),
('300265', 'AROMA', 'VILLA TUNARI                  '),
('300266', 'C.S. CHIPIRIRI', 'VILLA TUNARI                  '),
('300267', 'CINCO ESQUINAS', 'VILLA TUNARI                  '),
('300268', 'CRISTAL MAYU', 'VILLA TUNARI                  '),
('300269', 'ETERAZAMA', 'VILLA TUNARI                  '),
('300270', 'ICOYA', 'VILLA TUNARI                  '),
('300271', 'ISINUTA', 'VILLA TUNARI                  '),
('300272', 'JATUN PAMPA', 'VILLA TUNARI                  '),
('300273', 'MOLETO', 'VILLA TUNARI                  '),
('300274', 'P.S. PUERTO SAN FRANCISCO', 'VILLA TUNARI                  '),
('300275', 'TODO SANTOS', 'VILLA TUNARI                  '),
('300276', 'P.S.PUCA MAYU', 'VILLA TUNARI                  '),
('300277', 'PUERTO PATIÏ¿½O', 'VILLA TUNARI                  '),
('300278', 'SAMUZABETY', 'VILLA TUNARI                  '),
('300279', 'KM 21', 'VILLA TUNARI                  '),
('300280', 'SAN GABRIEL', 'VILLA TUNARI                  '),
('300281', 'SAN JOSE (CBB-VILLA TUNARI)', 'VILLA TUNARI                  '),
('300282', 'SAN RAFAEL (CBB)', 'VILLA TUNARI                  '),
('300283', 'TACOPAYA', 'VILLA TUNARI                  '),
('300284', 'P.S. TACUARAL', 'VILLA TUNARI                  '),
('300285', 'UNCIA', 'VILLA TUNARI                  '),
('300286', 'VILLA 14 DE SEPTIEMBRE', 'VILLA TUNARI                  '),
('300287', 'VILLA BOLIVAR', 'VILLA TUNARI                  '),
('300288', 'HOSP. VILLA TUNARI S.F. DE ASIS', 'VILLA TUNARI                  '),
('300289', 'C.S. C.N.S. VILLA TUNARI', 'VILLA TUNARI                  '),
('300290', 'JAPO', 'TAPACARI                      '),
('300291', 'CHALLA', 'TAPACARI                      '),
('300292', 'CHIVIRRANCHO', 'TAPACARI                      '),
('300293', 'CORACABA', 'TAPACARI                      '),
('300294', 'JATUN PAMPA', 'TAPACARI                      '),
('300295', 'JIRONKOTA', 'TAPACARI                      '),
('300296', 'LEQUE', 'TAPACARI                      '),
('300297', 'LLAVINI', 'TAPACARI                      '),
('300298', 'PALCA MOLINO', 'TAPACARI                      '),
('300299', 'RAMADAS', 'TAPACARI                      '),
('300300', 'TAPACARI', 'TAPACARI                      '),
('300301', 'TUNAS VINTO', 'TAPACARI                      '),
('300302', 'VILLA PEREIRA', 'TAPACARI                      '),
('300303', 'WACA PLAYA', 'TAPACARI                      '),
('300304', 'ANTAKAWA', 'TOTORA(CBBA)                  '),
('300305', 'COPACHUNCHO', 'TOTORA(CBBA)                  '),
('300306', 'EPIZANA', 'TOTORA(CBBA)                  '),
('300307', 'LAIMETORO', 'TOTORA(CBBA)                  '),
('300308', 'SAUCE PILAPATA', 'TOTORA(CBBA)                  '),
('300309', 'TIKAPAMPA', 'TOTORA(CBBA)                  '),
('300310', 'HOSP. TOTORA', 'TOTORA(CBBA)                  '),
('300311', 'BULO BULO', 'ENTRE RIOS CBBA               '),
('300312', 'CHALLWANI', 'POJO (CBBA)                   '),
('300313', 'ANDINO', 'ENTRE RIOS CBBA               '),
('300314', 'DIANPAMPA', 'POJO (CBBA)                   '),
('300315', 'ENTRE RIOS', 'ENTRE RIOS CBBA               '),
('300316', 'ISARZAMA', 'ENTRE RIOS CBBA               '),
('300317', 'KARAHUASI', 'POJO (CBBA)                   '),
('300318', 'ALTO LINARES', 'ENTRE RIOS CBBA               '),
('300319', 'P.S. PALCA MAYU', 'ENTRE RIOS CBBA               '),
('300320', 'POJO', 'POJO (CBBA)                   '),
('300321', 'RODEO ADENTRO', 'POJO (CBBA)                   '),
('300322', 'YUTUPAMPA', 'POJO (CBBA)                   '),
('300323', 'RIO BLANCO', 'ENTRE RIOS CBBA               '),
('300324', 'CHILLIJCHI (POCONA)', 'POCONA                        '),
('300325', 'CONDA BAJA', 'POCONA                        '),
('300326', 'LAIMINA', 'POCONA                        '),
('300327', 'LOMAN (CHIUCHI)', 'POCONA                        '),
('300328', 'LOPE MENDOZA', 'POCONA                        '),
('300329', 'POCONA', 'POCONA                        '),
('300330', 'QOPI', 'POCONA                        '),
('300331', 'QUEWINAPAMPA', 'POCONA                        '),
('300332', 'WAYAPACHA', 'POCONA                        '),
('300333', 'YURAK MOLINO', 'POCONA                        '),
('300334', 'SAN JUAN DE DIOS CHIMORE', 'CHIMORE                       '),
('300335', 'LA MISION', 'CHIMORE                       '),
('300336', 'PUERTO AURORA', 'CHIMORE                       '),
('300337', 'EL CARMEN (CBB)', 'CHIMORE                       '),
('300338', 'SANTA ISABEL (CBB)', 'CHIMORE                       '),
('300339', 'SAN ANDRES (CBB)', 'CHIMORE                       '),
('300340', 'TACUARAL ENTRE RIOS', 'CHIMORE                       '),
('300341', '2 DE MARZO', 'PUERTO VILLARROEL             '),
('300342', 'ALTO SAN PABLO', 'PUERTO VILLARROEL             '),
('300343', 'AYOPAYA', 'PUERTO VILLARROEL             '),
('300344', 'BIARECUATE', 'PUERTO VILLARROEL             '),
('300345', 'ISRAEL', 'PUERTO VILLARROEL             '),
('300346', 'HOSP. IVIRGARZAMA', 'PUERTO VILLARROEL             '),
('300347', 'C.S. MARIPOSAS', 'PUERTO VILLARROEL             '),
('300348', 'PARAISO', 'PUERTO VILLARROEL             '),
('300349', 'PUERTO VILLARROEL', 'PUERTO VILLARROEL             '),
('300350', 'C.S. SAJTA', 'PUERTO VILLARROEL             '),
('300351', 'SENDA VI', 'PUERTO VILLARROEL             '),
('300352', 'VALLE HERMOSO (CBB)', 'PUERTO VILLARROEL             '),
('300353', 'VALLE IVIRZA', 'PUERTO VILLARROEL             '),
('300354', 'VALLE TUNARI', 'PUERTO VILLARROEL             '),
('300355', 'VILLA NUEVA', 'PUERTO VILLARROEL             '),
('300356', 'TAMBORADA', 'PUERTO VILLARROEL             '),
('300357', 'KURI', 'MIZQUE                        '),
('300358', 'LAGUNA', 'MIZQUE                        '),
('300359', 'MINA ASIENTOS', 'MIZQUE                        '),
('300360', 'HOSP. MIZQUE \"AUGUSTOMORALES ASUA\"', 'MIZQUE                        '),
('300361', 'MIZQUEPAMPA', 'MIZQUE                        '),
('300362', 'RAQAYPAMPA', 'MIZQUE                        '),
('300363', 'MOLINERO', 'MIZQUE                        '),
('300364', 'SALVIA', 'MIZQUE                        '),
('300365', 'SAN VICENTE (CBB)', 'MIZQUE                        '),
('300366', 'TIN TIN', 'MIZQUE                        '),
('300367', 'TIPA TIPA', 'MIZQUE                        '),
('300368', 'TUCMA ALTA', 'MIZQUE                        '),
('300369', 'POCOTAICA', 'VILA VILA                     '),
('300370', 'SIKIMIRA', 'VILA VILA                     '),
('300371', 'SIVINGANI', 'VILA VILA                     '),
('300372', 'VILA VILA (CBB)', 'VILA VILA                     '),
('300373', 'ALALAY (MIZQUE)', 'ALALAY                        '),
('300374', 'QUTURI', 'ALALAY                        '),
('300375', 'AYAPAMPA', 'ALALAY                        '),
('300376', 'YANAGAGA', 'ALALAY                        '),
('300377', 'LA VILLA', 'PUNATA                        '),
('300378', 'HOSP. PUNATA (MANUEL A.VILLAR)', 'PUNATA                        '),
('300379', 'PUNATA', 'PUNATA                        '),
('300380', 'C.S. POL CNS NO.55', 'PUNATA                        '),
('300381', 'VIRGEN DE GUADALUPE (CBB-PUNATA)', 'PUNATA                        '),
('300382', 'LEON RANCHO', 'PUNATA                        '),
('300383', 'TAJAMAR', 'PUNATA                        '),
('300384', 'LAGUNA SULTI', 'PUNATA                        '),
('300385', 'ARAMASI', 'VILLA RIVERO                  '),
('300386', 'VILLA RIVERO', 'VILLA RIVERO                  '),
('300387', 'ALISU MAYU', 'SAN BENITO                    '),
('300388', 'CURSANI', 'PUNATA                        '),
('300389', 'LAGUNA CARMEN', 'SAN BENITO                    '),
('300390', 'SAN BENITO (CBB)', 'SAN BENITO                    '),
('300391', 'PARACAYA', 'SAN BENITO                    '),
('300392', 'SUNCHU PAMPA', 'SAN BENITO                    '),
('300393', 'SAN FRANCISCO', 'TACACHI                       '),
('300394', 'TACACHI', 'TACACHI                       '),
('300395', 'V. GUALBERTO VILL.', 'CUCHUMUELA (V. G. VILLARROEL)'),
('300396', 'YANA RUMI', 'CUCHUMUELA (V. G. VILLARROEL)'),
('300397', 'BOLIVAR', 'BOLIVAR                       '),
('300398', 'CARPANI', 'BOLIVAR                       '),
('300399', 'COMUNA(2002)', 'BOLIVAR                       '),
('300400', 'TANGALEQUE', 'BOLIVAR                       '),
('300401', 'VILAPAMPA', 'BOLIVAR                       '),
('300402', 'COTANI ALTO', 'TIRAQUE (CBBA)                '),
('300403', 'COTANI BAJO', 'TIRAQUE (CBBA)                '),
('300404', 'HOSP. IBUELO', 'TIRAQUE (CBBA)                '),
('300405', 'ISKAY WASI', 'TIRAQUE (CBBA)                '),
('300406', 'KASPICANCHA ALTA', 'TIRAQUE (CBBA)                '),
('300407', 'C.S. KAYARANI', 'TIRAQUE (CBBA)                '),
('300408', 'MAJO PAMPA', 'TIRAQUE (CBBA)                '),
('300409', 'PALCA (CBB-TIRAQUE)', 'TIRAQUE (CBBA)                '),
('300410', 'KOARI', 'TIRAQUE (CBBA)                '),
('300411', 'SANKAYANI', 'TIRAQUE (CBBA)                '),
('300412', 'P.S. SANTA ROSA', 'TIRAQUE (CBBA)                '),
('300413', 'SHINAOTA', 'TIRAQUE (CBBA)                '),
('300414', 'C.S. TIRAQUE', 'TIRAQUE (CBBA)                '),
('300415', 'PAIRUMANI (CBB)', 'TIRAQUE (CBBA)                '),
('300416', 'ILURI', 'TIRAQUE (CBBA)                '),
('300417', 'TORALAPA', 'TIRAQUE (CBBA)                '),
('300418', 'CONSULTORIO CITOLOGICO', 'COCHABAMBA                    '),
('300419', 'EDGAR MONTAÑO', 'COCHABAMBA                    '),
('300420', 'HOSPITAL MATERNO INFANTIL COCHABAMBA', 'COCHABAMBA                    '),
('300421', 'P.S. MIMERO SAN JUAN', 'COCHABAMBA                    '),
('300422', 'C.S.EVANGELICO', 'COCHABAMBA                    '),
('300423', 'C.S. PRO-MUJER', 'COCHABAMBA                    '),
('300424', 'TAJRAS', 'MIZQUE                        '),
('300425', 'LAGUNITAS', 'ARANI                         '),
('300426', 'P.S. CHAUPISUYO', 'PUNATA                        '),
('300427', 'JUNTUTUYO', 'VACAS                         '),
('300428', 'CLINICA UNITEPEC', 'COLCAPIRHUA                   '),
('300429', 'CHULLPA KASA', 'MOROCHATA                     '),
('300430', 'PUTUCUNI', 'MOROCHATA                     '),
('300431', 'C.S. PRO-MUJER', 'QUILLACOLLO                   '),
('300432', 'SAN JOSE (CBB-COLOMI)', 'COLOMI                        '),
('300433', 'C.S. CM REHAB. INTEG. VIRGEN DE AFRICA', 'SACABA                        '),
('300434', 'HUANACUNI CHICO', 'OMEREQUE                      '),
('300435', 'C.S. POLICONSULTORIO MUNICIPAL', 'COCHABAMBA                    '),
('300436', 'C.S. CANAAN ( ALTO CBBA)', 'COCHABAMBA                    '),
('300437', 'C.S. CANAAN (S.P.)', 'COCHABAMBA                    '),
('300438', 'PEÏ¿½A COLORADA', 'OMEREQUE                      '),
('300439', 'C.S. CENTRO MEDICO SANTA TERESITA', 'COCHABAMBA                    '),
('300440', 'C.S. CENTRO COMUNARIO EMANUEL', 'COCHABAMBA                    '),
('300441', 'C.S. MEDICO BOLIVIANO COREANO', 'COCHABAMBA                    '),
('300442', 'C.S. MEDICO BOLIVAR', 'COCHABAMBA                    '),
('300443', 'C.S. CLINICA COPACABANA', 'COCHABAMBA                    '),
('300444', 'C.S. CLINICA SOLIDARIA ARANO', 'COCHABAMBA                    '),
('300445', 'C.S. MEDICO KANTUTA', 'COCHABAMBA                    '),
('300446', 'C.S. MEDICO MONTAÑO', 'COCHABAMBA                    '),
('300447', 'CENTRO DE NUTRICION INF ALBINA R PATINO', 'COCHABAMBA                    '),
('300448', 'C.S. LORETO', 'COCHABAMBA                    '),
('300449', 'C.S. POLICONSULTORIO SAN JUAN DE DIOS', 'COCHABAMBA                    '),
('300450', 'CLINICA SAN JUAN DE DIOS', 'COCHABAMBA                    '),
('300451', 'P.S. SAN FRANCISCO', 'COCHABAMBA                    '),
('300452', 'CONSULTORIO MEDICO JUAN BOSCO', 'COCHABAMBA                    '),
('300453', 'CLINICA LOS OLIVOS', 'COCHABAMBA                    '),
('300454', 'CLINICA COBIJA', 'COCHABAMBA                    '),
('300455', 'C.S. CONSULTORIO MEDICO TEMPORAL', 'COCHABAMBA                    '),
('300456', 'C.S. PROMUJER TEMPORAL', 'COCHABAMBA                    '),
('300457', 'C.S. POLICONSULTORIO CRISTO REY', 'COCHABAMBA                    '),
('300458', 'HOSP. CLINICA SAN FRANCISCO', 'COCHABAMBA                    '),
('300459', 'HOSP. POLICIAL VIRGEN DE COPACABANA', 'COCHABAMBA                    '),
('300460', 'HOSP. BOLIVIANO BELGA', 'COCHABAMBA                    '),
('300461', 'C.S. PROMUJER MUYURINA', 'COCHABAMBA                    '),
('300462', 'HOSP. CLINICA LA PAZ', 'COCHABAMBA                    '),
('300463', 'C.S. HNO ANDRES PEDRON SANTA VERA CRUZ', 'COCHABAMBA                    '),
('300464', 'HOSP. CENTRO DE ESP. GEDIATRICAS', 'COCHABAMBA                    '),
('300465', 'HOSP. CLINICA DR LUIS MORALES A', 'COCHABAMBA                    '),
('300466', 'C.S. CLINICA BOLIVIANO CUBANO', 'COCHABAMBA                    '),
('300467', 'C.S. HOSPICIO', 'COCHABAMBA                    '),
('300468', 'H.C. SAN PEDRO', 'COCHABAMBA                    '),
('300469', 'C.S. SANTA ROSA', 'COCHABAMBA                    '),
('300470', 'HOSPITAL CLINICA SAN JUAN DE DIOS PULACAYO', 'COCHABAMBA                    '),
('300471', '6 DE AGOSTO', 'ENTRE RIOS CBBA               '),
('300472', 'SANTA FE', 'PUERTO VILLARROEL             '),
('300473', 'ALTO CHIJINI', 'PUERTO VILLARROEL             '),
('300474', 'NUEVA ESTRELLA', 'PUERTO VILLARROEL             '),
('300475', 'MAMAWASI', 'POCONA                        '),
('300476', 'PALCA (CBB-POJO)', 'POJO (CBBA)                   '),
('300477', 'SANTIAGO (CBB)', 'MIZQUE                        '),
('300478', 'P.S. SIVINGANI CHICO', 'ALALAY                        '),
('300479', 'CAPILLA', 'PUNATA                        '),
('300480', 'SAGA-SAGA', 'ARANI                         '),
('300481', 'KARA KARA', 'COCHABAMBA                    '),
('300482', 'IRPA IRPA', 'CAPINOTA                      '),
('300483', 'INST. ONCOLOGICO NACIONAL (CBB)', 'COCHABAMBA                    '),
('300484', 'H.C. SANTA CASA DE MISERICORDIA', 'COCHABAMBA                    '),
('300485', 'H.C. PASTEUR', 'COCHABAMBA                    '),
('300486', 'C.S. SAN LUIS', 'COCHABAMBA                    '),
('300487', 'HOSP. CLINICA SAAVEDRA', 'COCHABAMBA                    '),
('300488', 'C.S. BRASIL', 'COCHABAMBA                    '),
('300489', 'C.S. ANGELA', 'COCHABAMBA                    '),
('300490', 'C.S. SEÑOR DE BURGOS', 'COCHABAMBA                    '),
('300491', 'HOSP. CLINICA LA PIEDAD', 'COCHABAMBA                    '),
('300492', 'CLINICA NUESTRA SEÑORA DE LOURDES', 'COCHABAMBA                    '),
('300493', 'PARACTI', 'COLOMI                        '),
('300494', 'TUSCAPUJIO', 'SACABA                        '),
('300495', 'P.S. HUAYLLANI (A)', 'SACABA                        '),
('300496', 'ARAMASI', 'TAPACARI                      '),
('300497', 'CONFITAL', 'TAPACARI                      '),
('300498', 'PONGO KASA', 'TAPACARI                      '),
('300499', 'P. S. TOLAR', 'PASORAPA                      '),
('300500', 'APOTE', 'QUILLACOLLO                   '),
('300501', 'ESTANO PALMITO', 'CHIMORE                       '),
('300502', 'VILLA VINTO', 'MOROCHATA                     '),
('300503', 'C.S. CNS KAMI', 'AYOPAYA (V. DE INDEPENDENCIA)'),
('300504', 'CIUDAD DEL NIÏ¿½O', 'TIQUIPAYA                     '),
('300505', 'HAYQUI KASA', 'TACOPAYA                      '),
('300506', 'ALALAY', 'SACABA                        '),
('300507', 'AGUIRRE', 'SACABA                        '),
('300508', 'PEDRO DOMINGO MURILLO', 'VILLA TUNARI                  '),
('300509', 'MARISCAL SUCRE', 'VILLA TUNARI                  '),
('300510', 'P.S. ATOJ HUACHANA', 'SACABA                        '),
('300511', 'PISLI', 'SACABA                        '),
('300512', 'KALUYO CHICO', 'SACABA                        '),
('300513', 'ICHUCOLLO', 'SACABA                        '),
('300514', 'EL ABRA', 'SACABA                        '),
('300515', 'MONTEPUNCO', 'POCONA                        '),
('300516', 'QUEWINA KASA', 'POCONA                        '),
('300517', 'UCHAMA ALTA', 'MIZQUE                        '),
('300518', 'CORATA', 'SICAYA                        '),
('300519', 'C.S. CLÍNICA AMAZONAS', 'COCHABAMBA                    '),
('300520', 'C.S. CONSULTORIOSAN JUAN DE DIOS CALA CALA', 'COCHABAMBA                    '),
('300521', 'C.S. MADRE TERESA DE CALCUTA', 'COCHABAMBA                    '),
('300522', 'MAICA CENTRAL', 'COCHABAMBA                    '),
('300523', 'C.S. PADRE CALIXTO', 'COCHABAMBA                    '),
('300524', 'C.S. SAN VICENTE TUPURAYA', 'COCHABAMBA                    '),
('300525', 'C.S. SANTA ISABEL', 'COCHABAMBA                    '),
('300526', 'C.S. SEICOS', 'COCHABAMBA                    '),
('300527', 'HOSP.CLÍNICA DEL TRANSPORTISTA', 'COCHABAMBA                    '),
('300528', 'HOSP.SEÑOR DE MAYO', 'COCHABAMBA                    '),
('300529', 'APHARUMIRI', 'TAPACARI                      '),
('300530', 'HUAYLLAMAYU', 'TAPACARI                      '),
('300531', 'MONTECILLO ALTO', 'TIQUIPAYA                     '),
('300532', 'JAMPINA HUASI', 'TIQUIPAYA                     '),
('300533', 'HOSPITAL ESPERANZA', 'VINTO                         '),
('300534', 'MACHAJMARCA', 'VINTO                         '),
('300535', 'ISCAIPATA', 'VINTO                         '),
('300536', 'C.S. KERAYA (PUBLICO ALCALDIA)', 'VINTO                         '),
('300537', 'C.S. PRO MUJER(ONG)', 'COLCAPIRHUA                   '),
('300538', 'VILLA ORURO', 'TIQUIPAYA                     '),
('300539', '4 ESQUINAS ( PUBLICO ALCALDIA)', 'TIQUIPAYA                     '),
('300540', 'C.S. ATENCION DEL ADULTO MAYOR', 'COCHABAMBA                    '),
('300541', 'HOSP. VALLE HERMOSO', 'COCHABAMBA                    '),
('300542', 'C.S. NUEVA GANTE', 'COCHABAMBA                    '),
('300543', 'HOSP. CLIN. SAN JUAN DE DIOS', 'COCHABAMBA                    '),
('300544', 'VILLA EL MAR', 'SACABA                        '),
('300545', 'INGAVI \"B\"', 'PUERTO VILLARROEL             '),
('300546', 'PUYUHUASI', 'POCONA                        '),
('300547', 'SIVINGANI CHICO', 'ALALAY                        '),
('300548', 'MHISKA MAYO', 'TIRAQUE (CBBA)                '),
('300549', 'ELVIRA', 'AIQUILE                       '),
('300550', 'PAMPAS', 'PASORAPA                      '),
('300551', 'C.S. PRO-MUJER SACABA', 'SACABA                        '),
('300552', 'CHULLA', 'VINTO                         '),
('300553', 'PARTE LIBRE', 'MOROCHATA                     '),
('300554', 'ICARI', 'MOROCHATA                     '),
('300555', 'HUMAMARCA', 'MOROCHATA                     '),
('300556', 'CALIENTES', 'MOROCHATA                     '),
('300557', 'CALLAJCHULPA', 'TIQUIPAYA                     '),
('300558', 'C.S. CONSULTORIO PEDIATRICO', 'COCHABAMBA                    '),
('300559', 'COLORADO', 'MOROCHATA                     '),
('300560', 'P.S. UCHU UCHU', 'QUILLACOLLO                   '),
('300561', 'UCHU UCHU', 'SIPE SIPE                     '),
('300562', 'COMBUYO', 'VINTO                         '),
('300563', 'CHAMACOMA', 'AYOPAYA (V. DE INDEPENDENCIA)'),
('300564', 'C.S. NAZARENO', 'COCHABAMBA                    '),
('300565', 'CUEVAS PAMPA', 'VILA VILA                     '),
('300566', 'P.S. AYOMA', 'ANZALDO                       '),
('300567', 'HUAÑA COTA', 'TACACHI                       '),
('300568', 'GUAMAN HUACHANA', 'ALALAY                        '),
('300569', 'AYOMA', 'CLIZA                         '),
('300570', 'SAN SALVADOR', 'VILLA TUNARI                  '),
('300571', '1 DE MAYO', 'VILLA TUNARI                  '),
('300572', 'URKUPINA', 'VILLA TUNARI                  '),
('300573', 'PANTOJA', 'OMEREQUE                      '),
('300574', 'ESPINAL', 'PASORAPA                      '),
('300575', 'PLATAFORMA DE ATENCION INTEGRAL A LOS PACIENTES CON ENFERMEDAD DE CHAG', 'COCHABAMBA                    '),
('300576', 'CHANCADORA', 'ENTRE RIOS CBBA               '),
('300577', 'PADILLA \"A\"', 'PUERTO VILLARROEL             '),
('300578', 'SACTA NORTE', 'PUERTO VILLARROEL             '),
('300579', 'CENTRO MATERNO INFANTIL ESPERANZA', 'QUILLACOLLO                   '),
('300580', 'MARAVILLAS', 'COCAPATA                      '),
('300581', 'P.S. STA. MARIA SOLEDAD', 'TIQUIPAYA                     '),
('300582', 'QUEÑUATA', 'ARQUE                         '),
('300583', 'KUTIMARCA', 'ARQUE                         '),
('300584', 'VILLA VENEZUELA', 'COCHABAMBA                    '),
('300585', 'HOSP. CLINICA MARIA DE LOS ANGELES', 'COCHABAMBA                    '),
('300586', 'VILAQUE', 'POJO (CBBA)                   '),
('300587', 'THAGO LAGUNA', 'POJO (CBBA)                   '),
('300588', 'JATUM PAMPA', 'POCONA                        '),
('300589', 'GUADALUPE', 'SACABA                        '),
('300590', 'NUEVA CANAAN', 'CHIMORE                       '),
('300591', '11 DE MARZO', 'VILLA RIVERO                  '),
('300592', 'C.S. MINERO SAN JUAN', 'CHIMORE                       '),
('300593', 'C.S. VIGILANCIA Y REFERENCIA CDVIR', 'COCHABAMBA                    '),
('300594', 'C.S. CENAROB', 'COCHABAMBA                    '),
('300595', 'PATAICUNA', 'TOTORA(CBBA)                  '),
('300596', 'PUERTO AROMA', 'SHINAOTA                      '),
('300597', 'CLINICA ARANJUEZ', 'COCHABAMBA                    '),
('300598', 'CLINICA UNIVERSITARIA DE AQUINO CUDAC S.R.L', 'COCHABAMBA                    '),
('300599', 'SANTA ANITA', 'CHIMORE                       '),
('300600', 'C.S. FUNDACIÓN PIETRO GAMBA', 'ANZALDO                       '),
('300601', 'ESMERALDA', 'OMEREQUE                      '),
('300602', 'C.S. MINERO SAN JUAN', 'COCHABAMBA                    '),
('300603', 'CENTRO MEDICO QUIRURGICO FERREL', 'COCHABAMBA                    '),
('300604', 'C. S. Y REHABILITACION COMUNITARIO ROJAS MEJIA', 'COCHABAMBA                    '),
('300605', 'C.S. MÉDICO SAN ALBERTO', 'PUERTO VILLARROEL             '),
('300606', 'IBIRIZU', 'SHINAOTA                      '),
('300607', 'INDEPENDENCIA', 'VILLA TUNARI                  '),
('300608', 'LITORAL SANTA ROSA', 'VILLA TUNARI                  '),
('300609', 'C.S. POLICLINICO DEL SUR', 'COCHABAMBA                    '),
('300610', 'RODEO BAJO', 'TIRAQUE (CBBA)                '),
('300611', 'C.S. SOCIAL FRANCISCANO', 'COCHABAMBA                    '),
('300612', 'CENTRAL NUEVA CHAPARE', 'VILLA TUNARI                  '),
('300613', 'ITIRAPAMPA', 'VILLA TUNARI                  '),
('300614', 'P.S. ALTO SAN JOSÉ', 'VILLA TUNARI                  '),
('300615', 'CAPIHUARA', 'VILLA TUNARI                  '),
('300616', 'CENTRAL ANZALDO', 'VILLA TUNARI                  '),
('300617', 'LOCOTAL', 'VILLA TUNARI                  '),
('300618', 'PADRE SUYO', 'TOLATA                        '),
('300619', 'PUKA PAMAPA', 'TOCO                          '),
('300620', 'HUAYCULLI', 'TARATA                        '),
('300621', 'CHALLAQUE', 'SACABAMBA                     '),
('300622', 'ARANJUEZ', 'ARBIETO                       '),
('300623', 'LARATI', 'SACABA                        '),
('300624', 'MAMANACA', 'ARBIETO                       '),
('300625', '20 DE OCTUBRE', 'ARBIETO                       '),
('300626', 'LLAVE MAYU', 'ARBIETO                       '),
('300627', 'C.S POLICLINICO Nº 32', 'COCHABAMBA                    '),
('300628', 'HOSPITAL PROSALUD MELCHOR PEREZ', 'COCHABAMBA                    '),
('300629', 'P.S. SAN ANTONIO PENITENCIARIO', 'COCHABAMBA                    '),
('300630', 'P.S. MUJERES SAN SEBASTIAN PENITENCIARIO', 'COCHABAMBA                    '),
('300631', 'P.S VARONES SAN SEBASTIAN PENITENCIARIO', 'COCHABAMBA                    '),
('300632', 'C.S. CENALFES', 'COCHABAMBA                    '),
('300633', 'C.S. SAN SILVESTRE', 'COCHABAMBA                    '),
('300634', 'C.S QUIRURGICO MATERNOLOGICO MEXICO', 'COCHABAMBA                    '),
('300635', 'P.S. BOQUERON K´ASA', 'TIRAQUE (CBBA)                '),
('300636', 'P.S. SERRANO', 'ARANI                         '),
('300637', 'P.S TRINIDADCITO', 'CHIMORE                       '),
('300638', 'CENTRO MEDICO SAGRADO CORAZON', 'PUERTO VILLARROEL             '),
('300639', 'UNIDAD DE HEMODIALISIS', 'COCHABAMBA                    '),
('300640', 'HEMO - D SERVICIOS DE DIALISIS S.R.L.', 'COCHABAMBA                    '),
('300641', 'NEFRODIAL CENTRO DEL RIÑON', 'COCHABAMBA                    '),
('300642', 'C.S INTEGRAL 1RO DE MAYO', 'COCHABAMBA                    '),
('300643', 'C.S. SAN LUIS', 'COCHABAMBA                    '),
('300644', 'P.S. CHINCHILLA', 'VINTO                         '),
('300645', 'CENTRO MEDICO VIRGEN DE GUADALUPE', 'SACABA                        '),
('300646', 'A I N CENTRO DE HEMODIALISIS', 'AIQUILE                       '),
('300647', 'A I N CENTRO DE HEMODIALISIS', 'COCHABAMBA                    '),
('300648', 'CENTRO HEMODIALISIS DE IRAN', 'COCHABAMBA                    '),
('300649', 'LOS LAUROS S.R.L.', 'COCHABAMBA                    '),
('300650', 'SAN BENITO', 'VILLA TUNARI                  '),
('300651', 'SANTA ROSA DE LA BOCA DEL CHAPARE', 'VILLA TUNARI                  '),
('300652', 'CENTRO DE SALUD SAN JOSE DE ANGOSTA', 'VILLA TUNARI                  '),
('300653', 'TRES DE MAYO', 'VILLA TUNARI                  '),
('300654', 'SAN MIGUELITO', 'VILLA TUNARI                  '),
('300655', 'SANTA ROSA DEL ISIBORO', 'VILLA TUNARI                  '),
('300656', 'BUEN PASTOR', 'VILLA TUNARI                  '),
('300657', 'BANCO DE SANGRE DE REFERENCIA CBBA', 'COCHABAMBA                    '),
('300658', 'UNIDAD DE ATENCION AL ENFERMO RENAL - UNAER', 'COCHABAMBA                    '),
('300659', 'UNIDAD DE ATENCION B.I.E. SRL', 'COCHABAMBA                    '),
('300660', 'TOCORANI', 'COCAPATA                      '),
('300661', 'SEQUERRANCHO', 'COCAPATA                      '),
('300662', 'COLQUECHACA', 'COCAPATA                      '),
('300663', 'KUMARA', 'COCAPATA                      '),
('300664', 'LAGUNILLAS', 'COCAPATA                      '),
('300665', 'TUNARI', 'COCAPATA                      '),
('300666', 'MISICUNI', 'QUILLACOLLO                   '),
('300667', 'PACATA DISTRITO 3', 'SACABA                        '),
('300668', 'CENTRO DE HEMODIALISIS MARIA ESPERANZA', 'SACABA                        '),
('300669', 'CLINICA LOS ANGELES S.A.', 'COCHABAMBA                    '),
('300670', 'CENTRO DE SALUD SENDA \"F\"', 'CHIMORE                       '),
('300671', 'CENTRO DE SALUD NUEVA ESPERANZA', 'CHIMORE                       '),
('300672', 'CENTRO DE SALUD INTEGRAL TACOPAYA', 'ARQUE                         '),
('300673', 'C.S. ESPIRITU SANTO', 'VILLA TUNARI                  '),
('300674', 'C.S. TOCOPILLA', 'VILLA TUNARI                  '),
('300675', 'C.S. SAN LUIS', 'SHINAOTA                      '),
('300676', 'C.S. SAN ISIDRO', 'SHINAOTA                      '),
('300677', 'HOSPITAL DEL SUD', 'COCHABAMBA                    '),
('300678', 'CHARAGOSI', 'TACACHI                       '),
('300679', 'HOSPITAL UNIVALLE NORTE', 'COCHABAMBA                    '),
('300680', 'CONSULTORIO MÉDICO H & S', 'COCHABAMBA                    '),
('300681', 'CENTRO MÉDICO OMONTE', 'COCHABAMBA                    '),
('500177', 'SAN PEDRO DE B.V.', 'SAN PEDRO DE BUENA VISTA      ');

-- --------------------------------------------------------

--
-- Estructura de tabla para la tabla `sexo`
--

CREATE TABLE `sexo` (
  `id_sexo` int(11) NOT NULL,
  `descripcion` varchar(55) NOT NULL
) ENGINE=InnoDB DEFAULT CHARSET=latin1;

--
-- Volcado de datos para la tabla `sexo`
--

INSERT INTO `sexo` (`id_sexo`, `descripcion`) VALUES
(1, 'Masculino'),
(2, 'Femenino');

-- --------------------------------------------------------

--
-- Estructura de tabla para la tabla `tipo_servicio`
--

CREATE TABLE `tipo_servicio` (
  `id_tipo_servicio` int(11) NOT NULL,
  `descrip_serv` varchar(55) NOT NULL
) ENGINE=InnoDB DEFAULT CHARSET=latin1;

--
-- Volcado de datos para la tabla `tipo_servicio`
--

INSERT INTO `tipo_servicio` (`id_tipo_servicio`, `descrip_serv`) VALUES
(1, 'Consulta Externa'),
(2, 'Emergencia'),
(3, 'Hospitalizacion');

--
-- Índices para tablas volcadas
--

--
-- Indices de la tabla `acompanante`
--
ALTER TABLE `acompanante`
  ADD PRIMARY KEY (`id_acomp`);

--
-- Indices de la tabla `condicion_paciente`
--
ALTER TABLE `condicion_paciente`
  ADD PRIMARY KEY (`id_condicion`);

--
-- Indices de la tabla `contraref`
--
ALTER TABLE `contraref`
  ADD PRIMARY KEY (`id_contraref`),
  ADD KEY `sexo` (`sexo`),
  ADD KEY `id_condicion` (`id_condicion`,`id_tipo_servicio`,`id_acomp`),
  ADD KEY `id_acomp` (`id_acomp`),
  ADD KEY `id_tipo_servicio` (`id_tipo_servicio`);

--
-- Indices de la tabla `contraref1`
--
ALTER TABLE `contraref1`
  ADD PRIMARY KEY (`id_contraref1`);

--
-- Indices de la tabla `sexo`
--
ALTER TABLE `sexo`
  ADD PRIMARY KEY (`id_sexo`);

--
-- Indices de la tabla `tipo_servicio`
--
ALTER TABLE `tipo_servicio`
  ADD PRIMARY KEY (`id_tipo_servicio`);

--
-- AUTO_INCREMENT de las tablas volcadas
--

--
-- AUTO_INCREMENT de la tabla `acompanante`
--
ALTER TABLE `acompanante`
  MODIFY `id_acomp` int(11) NOT NULL AUTO_INCREMENT, AUTO_INCREMENT=5;

--
-- AUTO_INCREMENT de la tabla `condicion_paciente`
--
ALTER TABLE `condicion_paciente`
  MODIFY `id_condicion` int(11) NOT NULL AUTO_INCREMENT, AUTO_INCREMENT=4;

--
-- AUTO_INCREMENT de la tabla `contraref`
--
ALTER TABLE `contraref`
  MODIFY `id_contraref` int(55) NOT NULL AUTO_INCREMENT, AUTO_INCREMENT=82;

--
-- AUTO_INCREMENT de la tabla `contraref1`
--
ALTER TABLE `contraref1`
  MODIFY `id_contraref1` int(11) NOT NULL AUTO_INCREMENT;

--
-- AUTO_INCREMENT de la tabla `sexo`
--
ALTER TABLE `sexo`
  MODIFY `id_sexo` int(11) NOT NULL AUTO_INCREMENT, AUTO_INCREMENT=3;

--
-- AUTO_INCREMENT de la tabla `tipo_servicio`
--
ALTER TABLE `tipo_servicio`
  MODIFY `id_tipo_servicio` int(11) NOT NULL AUTO_INCREMENT, AUTO_INCREMENT=4;

--
-- Restricciones para tablas volcadas
--

--
-- Filtros para la tabla `contraref`
--
ALTER TABLE `contraref`
  ADD CONSTRAINT `contraref_ibfk_1` FOREIGN KEY (`sexo`) REFERENCES `sexo` (`id_sexo`),
  ADD CONSTRAINT `contraref_ibfk_2` FOREIGN KEY (`id_acomp`) REFERENCES `acompanante` (`id_acomp`),
  ADD CONSTRAINT `contraref_ibfk_3` FOREIGN KEY (`id_condicion`) REFERENCES `condicion_paciente` (`id_condicion`),
  ADD CONSTRAINT `contraref_ibfk_4` FOREIGN KEY (`id_tipo_servicio`) REFERENCES `tipo_servicio` (`id_tipo_servicio`);
COMMIT;

/*!40101 SET CHARACTER_SET_CLIENT=@OLD_CHARACTER_SET_CLIENT */;
/*!40101 SET CHARACTER_SET_RESULTS=@OLD_CHARACTER_SET_RESULTS */;
/*!40101 SET COLLATION_CONNECTION=@OLD_COLLATION_CONNECTION */;
